run_id,source_file,source_root,experiment_label,problem_id,base_function,seed,fe_used,final_error,time_seconds,parse_status,budget_match_status,protocol_match_status,usable_for_runtime_dispatch,usable_for_offline_evaluation,runtime_dispatch_allowed,notes
exp_004_hcc_main_historical_result_recovery,E:\HCC-main\HCC_SRC\result\diagnostics\s1_best_baseline_fix_seed1\schwefel\evaluation_record.txt,E:\HCC-main\HCC_SRC\result,diagnostics,,schwefel,,3025000,5.147460e+08,576.323552,parsed,near_paper_3m_fe,unknown_case,0,1,0,historical HCC-main artifact; offline evidence only
exp_004_hcc_main_historical_result_recovery,E:\HCC-main\HCC_SRC\result\diagnostics\s1_es1000_seed1_current\schwefel\evaluation_record.txt,E:\HCC-main\HCC_SRC\result,diagnostics,,schwefel,,3000000,2.389337e+03,597.415193,parsed,near_paper_3m_fe,unknown_case,0,1,0,historical HCC-main artifact; offline evidence only
exp_004_hcc_main_historical_result_recovery,E:\HCC-main\HCC_SRC\result\diagnostics\s1_omega_paper_fidelity_probe\schwefel\evaluation_record.txt,E:\HCC-main\HCC_SRC\result,diagnostics,,schwefel,,3024000,2.298690e+08,720.610109,parsed,near_paper_3m_fe,unknown_case,0,1,0,historical HCC-main artifact; offline evidence only
exp_004_hcc_main_historical_result_recovery,E:\HCC-main\HCC_SRC\result\diagnostics\s1_popfix_es100\schwefel\evaluation_record.txt,E:\HCC-main\HCC_SRC\result,diagnostics,,schwefel,,3009000,4.444961e+07,695.453737,parsed,near_paper_3m_fe,unknown_case,0,1,0,historical HCC-main artifact; offline evidence only
exp_004_hcc_main_historical_result_recovery,E:\HCC-main\HCC_SRC\result\diagnostics\s1_popfix_es1000\schwefel\evaluation_record.txt,E:\HCC-main\HCC_SRC\result,diagnostics,,schwefel,,3000000,2.389337e+03,721.760601,parsed,near_paper_3m_fe,unknown_case,0,1,0,historical HCC-main artifact; offline evidence only
exp_004_hcc_main_historical_result_recovery,E:\HCC-main\HCC_SRC\result\mi_arac_action_clean_hcc_anchor_5seed\A1.bad_seed_scope\ackley\evaluation_record.txt,E:\HCC-main\HCC_SRC\result,mi_arac_action_clean_hcc_anchor_5seed,,ackley,,3001000,7.870333e+04,481.170511,parsed,near_paper_3m_fe,unknown_case,0,1,0,historical HCC-main artifact; offline evidence only
exp_004_hcc_main_historical_result_recovery,E:\HCC-main\HCC_SRC\result\mi_arac_action_clean_hcc_anchor_5seed\seed-1\A1\ackley\evaluation_record.txt,E:\HCC-main\HCC_SRC\result,mi_arac_action_clean_hcc_anchor_5seed,A1,ackley,1,3001000,7.870333e+04,484.515622,parsed,near_paper_3m_fe,aob_case_detected,0,1,0,historical HCC-main artifact; offline evidence only
exp_004_hcc_main_historical_result_recovery,E:\HCC-main\HCC_SRC\result\mi_arac_action_clean_hcc_anchor_5seed\seed-1\A2\ackley\evaluation_record.txt,E:\HCC-main\HCC_SRC\result,mi_arac_action_clean_hcc_anchor_5seed,A2,ackley,1,3001000,7.872172e+04,501.538885,parsed,near_paper_3m_fe,aob_case_detected,0,1,0,historical HCC-main artifact; offline evidence only
exp_004_hcc_main_historical_result_recovery,E:\HCC-main\HCC_SRC\result\mi_arac_action_clean_hcc_anchor_5seed\seed-1\A3\ackley\evaluation_record.txt,E:\HCC-main\HCC_SRC\result,mi_arac_action_clean_hcc_anchor_5seed,A3,ackley,1,3001000,7.880340e+04,971.518024,parsed,near_paper_3m_fe,aob_case_detected,0,1,0,historical HCC-main artifact; offline evidence only
exp_004_hcc_main_historical_result_recovery,E:\HCC-main\HCC_SRC\result\mi_arac_action_clean_hcc_anchor_5seed\seed-1\A4\ackley\evaluation_record.txt,E:\HCC-main\HCC_SRC\result,mi_arac_action_clean_hcc_anchor_5seed,A4,ackley,1,3001000,7.873660e+04,1108.527991,parsed,near_paper_3m_fe,aob_case_detected,0,1,0,historical HCC-main artifact; offline evidence only
exp_004_hcc_main_historical_result_recovery,E:\HCC-main\HCC_SRC\result\mi_arac_action_clean_hcc_anchor_5seed\seed-1\A5\ackley\evaluation_record.txt,E:\HCC-main\HCC_SRC\result,mi_arac_action_clean_hcc_anchor_5seed,A5,ackley,1,3001000,7.874540e+04,1325.410183,parsed,near_paper_3m_fe,aob_case_detected,0,1,0,historical HCC-main artifact; offline evidence only
exp_004_hcc_main_historical_result_recovery,E:\HCC-main\HCC_SRC\result\mi_arac_action_clean_hcc_anchor_5seed\seed-1\A6\ackley\evaluation_record.txt,E:\HCC-main\HCC_SRC\result,mi_arac_action_clean_hcc_anchor_5seed,A6,ackley,1,3001000,7.949002e+04,1353.188581,parsed,near_paper_3m_fe,aob_case_detected,0,1,0,historical HCC-main artifact; offline evidence only
exp_004_hcc_main_historical_result_recovery,E:\HCC-main\HCC_SRC\result\mi_arac_action_clean_hcc_anchor_5seed\seed-1\E2\elliptic\evaluation_record.txt,E:\HCC-main\HCC_SRC\result,mi_arac_action_clean_hcc_anchor_5seed,E2,elliptic,1,3000000,3.428987e+06,1984.422235,parsed,near_paper_3m_fe,aob_case_detected,0,1,0,historical HCC-main artifact; offline evidence only
exp_004_hcc_main_historical_result_recovery,E:\HCC-main\HCC_SRC\result\mi_arac_action_clean_hcc_anchor_5seed\seed-1\E3\elliptic\evaluation_record.txt,E:\HCC-main\HCC_SRC\result,mi_arac_action_clean_hcc_anchor_5seed,E3,elliptic,1,3000000,1.155354e+07,1973.340329,parsed,near_paper_3m_fe,aob_case_detected,0,1,0,historical HCC-main artifact; offline evidence only
exp_004_hcc_main_historical_result_recovery,E:\HCC-main\HCC_SRC\result\mi_arac_action_clean_hcc_anchor_5seed\seed-1\E4\elliptic\evaluation_record.txt,E:\HCC-main\HCC_SRC\result,mi_arac_action_clean_hcc_anchor_5seed,E4,elliptic,1,3000000,2.066882e+07,2201.232399,parsed,near_paper_3m_fe,aob_case_detected,0,1,0,historical HCC-main artifact; offline evidence only
exp_004_hcc_main_historical_result_recovery,E:\HCC-main\HCC_SRC\result\mi_arac_action_clean_hcc_anchor_5seed\seed-2\A1\ackley\evaluation_record.txt,E:\HCC-main\HCC_SRC\result,mi_arac_action_clean_hcc_anchor_5seed,A1,ackley,2,3001000,7.875274e+04,564.172222,parsed,near_paper_3m_fe,aob_case_detected,0,1,0,historical HCC-main artifact; offline evidence only
exp_004_hcc_main_historical_result_recovery,E:\HCC-main\HCC_SRC\result\mi_arac_action_clean_hcc_anchor_5seed\seed-2\A2\ackley\evaluation_record.txt,E:\HCC-main\HCC_SRC\result,mi_arac_action_clean_hcc_anchor_5seed,A2,ackley,2,3001000,7.854023e+04,497.588971,parsed,near_paper_3m_fe,aob_case_detected,0,1,0,historical HCC-main artifact; offline evidence only
exp_004_hcc_main_historical_result_recovery,E:\HCC-main\HCC_SRC\result\mi_arac_action_clean_hcc_anchor_5seed\seed-2\A3\ackley\evaluation_record.txt,E:\HCC-main\HCC_SRC\result,mi_arac_action_clean_hcc_anchor_5seed,A3,ackley,2,3001000,7.865713e+04,975.492530,parsed,near_paper_3m_fe,aob_case_detected,0,1,0,historical HCC-main artifact; offline evidence only
exp_004_hcc_main_historical_result_recovery,E:\HCC-main\HCC_SRC\result\mi_arac_action_clean_hcc_anchor_5seed\seed-2\A4\ackley\evaluation_record.txt,E:\HCC-main\HCC_SRC\result,mi_arac_action_clean_hcc_anchor_5seed,A4,ackley,2,3001000,7.825342e+04,1102.708812,parsed,near_paper_3m_fe,aob_case_detected,0,1,0,historical HCC-main artifact; offline evidence only
exp_004_hcc_main_historical_result_recovery,E:\HCC-main\HCC_SRC\result\mi_arac_action_clean_hcc_anchor_5seed\seed-2\A5\ackley\evaluation_record.txt,E:\HCC-main\HCC_SRC\result,mi_arac_action_clean_hcc_anchor_5seed,A5,ackley,2,3001000,7.856303e+04,1313.440356,parsed,near_paper_3m_fe,aob_case_detected,0,1,0,historical HCC-main artifact; offline evidence only
exp_004_hcc_main_historical_result_recovery,E:\HCC-main\HCC_SRC\result\mi_arac_action_clean_hcc_anchor_5seed\seed-2\A6\ackley\evaluation_record.txt,E:\HCC-main\HCC_SRC\result,mi_arac_action_clean_hcc_anchor_5seed,A6,ackley,2,3001000,7.815793e+04,1349.152242,parsed,near_paper_3m_fe,aob_case_detected,0,1,0,historical HCC-main artifact; offline evidence only
exp_004_hcc_main_historical_result_recovery,E:\HCC-main\HCC_SRC\result\mi_arac_action_clean_hcc_anchor_5seed\seed-2\E1\elliptic\evaluation_record.txt,E:\HCC-main\HCC_SRC\result,mi_arac_action_clean_hcc_anchor_5seed,E1,elliptic,2,3000000,3.296521e+05,2234.034803,parsed,near_paper_3m_fe,aob_case_detected,0,1,0,historical HCC-main artifact; offline evidence only
exp_004_hcc_main_historical_result_recovery,E:\HCC-main\HCC_SRC\result\mi_arac_action_clean_hcc_anchor_5seed\seed-2\E2\elliptic\evaluation_record.txt,E:\HCC-main\HCC_SRC\result,mi_arac_action_clean_hcc_anchor_5seed,E2,elliptic,2,3000000,8.660162e+06,1982.255633,parsed,near_paper_3m_fe,aob_case_detected,0,1,0,historical HCC-main artifact; offline evidence only
exp_004_hcc_main_historical_result_recovery,E:\HCC-main\HCC_SRC\result\mi_arac_action_clean_hcc_anchor_5seed\seed-2\E3\elliptic\evaluation_record.txt,E:\HCC-main\HCC_SRC\result,mi_arac_action_clean_hcc_anchor_5seed,E3,elliptic,2,3000000,7.254322e+06,1998.578453,parsed,near_paper_3m_fe,aob_case_detected,0,1,0,historical HCC-main artifact; offline evidence only
exp_004_hcc_main_historical_result_recovery,E:\HCC-main\HCC_SRC\result\mi_arac_action_clean_hcc_anchor_5seed\seed-3\A1\ackley\evaluation_record.txt,E:\HCC-main\HCC_SRC\result,mi_arac_action_clean_hcc_anchor_5seed,A1,ackley,3,3001000,7.839680e+04,617.830371,parsed,near_paper_3m_fe,aob_case_detected,0,1,0,historical HCC-main artifact; offline evidence only
exp_004_hcc_main_historical_result_recovery,E:\HCC-main\HCC_SRC\result\mi_arac_action_clean_hcc_anchor_5seed\seed-3\A2\ackley\evaluation_record.txt,E:\HCC-main\HCC_SRC\result,mi_arac_action_clean_hcc_anchor_5seed,A2,ackley,3,3001000,7.847626e+04,499.990404,parsed,near_paper_3m_fe,aob_case_detected,0,1,0,historical HCC-main artifact; offline evidence only
exp_004_hcc_main_historical_result_recovery,E:\HCC-main\HCC_SRC\result\mi_arac_action_clean_hcc_anchor_5seed\seed-3\A3\ackley\evaluation_record.txt,E:\HCC-main\HCC_SRC\result,mi_arac_action_clean_hcc_anchor_5seed,A3,ackley,3,3001000,7.883103e+04,972.675477,parsed,near_paper_3m_fe,aob_case_detected,0,1,0,historical HCC-main artifact; offline evidence only
exp_004_hcc_main_historical_result_recovery,E:\HCC-main\HCC_SRC\result\mi_arac_action_clean_hcc_anchor_5seed\seed-3\A4\ackley\evaluation_record.txt,E:\HCC-main\HCC_SRC\result,mi_arac_action_clean_hcc_anchor_5seed,A4,ackley,3,3001000,7.857143e+04,1111.324304,parsed,near_paper_3m_fe,aob_case_detected,0,1,0,historical HCC-main artifact; offline evidence only
exp_004_hcc_main_historical_result_recovery,E:\HCC-main\HCC_SRC\result\mi_arac_action_clean_hcc_anchor_5seed\seed-3\A5\ackley\evaluation_record.txt,E:\HCC-main\HCC_SRC\result,mi_arac_action_clean_hcc_anchor_5seed,A5,ackley,3,3001000,7.872368e+04,1309.743668,parsed,near_paper_3m_fe,aob_case_detected,0,1,0,historical HCC-main artifact; offline evidence only
exp_004_hcc_main_historical_result_recovery,E:\HCC-main\HCC_SRC\result\mi_arac_action_clean_hcc_anchor_5seed\seed-3\A6\ackley\evaluation_record.txt,E:\HCC-main\HCC_SRC\result,mi_arac_action_clean_hcc_anchor_5seed,A6,ackley,3,3001000,7.864126e+04,1361.996039,parsed,near_paper_3m_fe,aob_case_detected,0,1,0,historical HCC-main artifact; offline evidence only
exp_004_hcc_main_historical_result_recovery,E:\HCC-main\HCC_SRC\result\mi_arac_action_clean_hcc_anchor_5seed\seed-3\E1\elliptic\evaluation_record.txt,E:\HCC-main\HCC_SRC\result,mi_arac_action_clean_hcc_anchor_5seed,E1,elliptic,3,3000000,5.769810e+05,2246.739592,parsed,near_paper_3m_fe,aob_case_detected,0,1,0,historical HCC-main artifact; offline evidence only
exp_004_hcc_main_historical_result_recovery,E:\HCC-main\HCC_SRC\result\mi_arac_action_clean_hcc_anchor_5seed\seed-3\E2\elliptic\evaluation_record.txt,E:\HCC-main\HCC_SRC\result,mi_arac_action_clean_hcc_anchor_5seed,E2,elliptic,3,3000000,2.206362e+06,1966.176728,parsed,near_paper_3m_fe,aob_case_detected,0,1,0,historical HCC-main artifact; offline evidence only
exp_004_hcc_main_historical_result_recovery,E:\HCC-main\HCC_SRC\result\mi_arac_action_clean_hcc_anchor_5seed\seed-3\E4\elliptic\evaluation_record.txt,E:\HCC-main\HCC_SRC\result,mi_arac_action_clean_hcc_anchor_5seed,E4,elliptic,3,3000000,2.517943e+07,2232.169511,parsed,near_paper_3m_fe,aob_case_detected,0,1,0,historical HCC-main artifact; offline evidence only
exp_004_hcc_main_historical_result_recovery,E:\HCC-main\HCC_SRC\result\mi_arac_action_clean_hcc_anchor_5seed\seed-4\A1\ackley\evaluation_record.txt,E:\HCC-main\HCC_SRC\result,mi_arac_action_clean_hcc_anchor_5seed,A1,ackley,4,3001000,7.865224e+04,526.833688,parsed,near_paper_3m_fe,aob_case_detected,0,1,0,historical HCC-main artifact; offline evidence only
exp_004_hcc_main_historical_result_recovery,E:\HCC-main\HCC_SRC\result\mi_arac_action_clean_hcc_anchor_5seed\seed-4\A2\ackley\evaluation_record.txt,E:\HCC-main\HCC_SRC\result,mi_arac_action_clean_hcc_anchor_5seed,A2,ackley,4,3001000,7.854028e+04,490.437298,parsed,near_paper_3m_fe,aob_case_detected,0,1,0,historical HCC-main artifact; offline evidence only
exp_004_hcc_main_historical_result_recovery,E:\HCC-main\HCC_SRC\result\mi_arac_action_clean_hcc_anchor_5seed\seed-4\A3\ackley\evaluation_record.txt,E:\HCC-main\HCC_SRC\result,mi_arac_action_clean_hcc_anchor_5seed,A3,ackley,4,3001000,7.836237e+04,974.528212,parsed,near_paper_3m_fe,aob_case_detected,0,1,0,historical HCC-main artifact; offline evidence only
exp_004_hcc_main_historical_result_recovery,E:\HCC-main\HCC_SRC\result\mi_arac_action_clean_hcc_anchor_5seed\seed-4\A4\ackley\evaluation_record.txt,E:\HCC-main\HCC_SRC\result,mi_arac_action_clean_hcc_anchor_5seed,A4,ackley,4,3001000,7.867803e+04,1102.592805,parsed,near_paper_3m_fe,aob_case_detected,0,1,0,historical HCC-main artifact; offline evidence only
exp_004_hcc_main_historical_result_recovery,E:\HCC-main\HCC_SRC\result\mi_arac_action_clean_hcc_anchor_5seed\seed-4\A5\ackley\evaluation_record.txt,E:\HCC-main\HCC_SRC\result,mi_arac_action_clean_hcc_anchor_5seed,A5,ackley,4,3001000,7.825517e+04,1321.002832,parsed,near_paper_3m_fe,aob_case_detected,0,1,0,historical HCC-main artifact; offline evidence only
exp_004_hcc_main_historical_result_recovery,E:\HCC-main\HCC_SRC\result\mi_arac_action_clean_hcc_anchor_5seed\seed-4\A6\ackley\evaluation_record.txt,E:\HCC-main\HCC_SRC\result,mi_arac_action_clean_hcc_anchor_5seed,A6,ackley,4,3001000,7.882266e+04,2125.048967,parsed,near_paper_3m_fe,aob_case_detected,0,1,0,historical HCC-main artifact; offline evidence only
exp_004_hcc_main_historical_result_recovery,E:\HCC-main\HCC_SRC\result\mi_arac_action_clean_hcc_anchor_5seed\seed-4\E1\elliptic\evaluation_record.txt,E:\HCC-main\HCC_SRC\result,mi_arac_action_clean_hcc_anchor_5seed,E1,elliptic,4,3000000,2.672356e+05,2248.304021,parsed,near_paper_3m_fe,aob_case_detected,0,1,0,historical HCC-main artifact; offline evidence only
exp_004_hcc_main_historical_result_recovery,E:\HCC-main\HCC_SRC\result\mi_arac_action_clean_hcc_anchor_5seed\seed-4\E2\elliptic\evaluation_record.txt,E:\HCC-main\HCC_SRC\result,mi_arac_action_clean_hcc_anchor_5seed,E2,elliptic,4,3000000,6.957548e+06,1978.797137,parsed,near_paper_3m_fe,aob_case_detected,0,1,0,historical HCC-main artifact; offline evidence only
exp_004_hcc_main_historical_result_recovery,E:\HCC-main\HCC_SRC\result\mi_arac_action_clean_hcc_anchor_5seed\seed-4\E3\elliptic\evaluation_record.txt,E:\HCC-main\HCC_SRC\result,mi_arac_action_clean_hcc_anchor_5seed,E3,elliptic,4,3000000,9.675348e+06,1976.413280,parsed,near_paper_3m_fe,aob_case_detected,0,1,0,historical HCC-main artifact; offline evidence only
exp_004_hcc_main_historical_result_recovery,E:\HCC-main\HCC_SRC\result\mi_arac_action_clean_hcc_anchor_5seed\seed-5\A1\ackley\evaluation_record.txt,E:\HCC-main\HCC_SRC\result,mi_arac_action_clean_hcc_anchor_5seed,A1,ackley,5,3001000,7.868780e+04,580.908143,parsed,near_paper_3m_fe,aob_case_detected,0,1,0,historical HCC-main artifact; offline evidence only
exp_004_hcc_main_historical_result_recovery,E:\HCC-main\HCC_SRC\result\mi_arac_action_clean_hcc_anchor_5seed\seed-5\A2\ackley\evaluation_record.txt,E:\HCC-main\HCC_SRC\result,mi_arac_action_clean_hcc_anchor_5seed,A2,ackley,5,3001000,7.870847e+04,517.325077,parsed,near_paper_3m_fe,aob_case_detected,0,1,0,historical HCC-main artifact; offline evidence only
exp_004_hcc_main_historical_result_recovery,E:\HCC-main\HCC_SRC\result\mi_arac_action_clean_hcc_anchor_5seed\seed-5\A3\ackley\evaluation_record.txt,E:\HCC-main\HCC_SRC\result,mi_arac_action_clean_hcc_anchor_5seed,A3,ackley,5,3001000,7.869242e+04,1047.421894,parsed,near_paper_3m_fe,aob_case_detected,0,1,0,historical HCC-main artifact; offline evidence only
exp_004_hcc_main_historical_result_recovery,E:\HCC-main\HCC_SRC\result\mi_arac_action_clean_hcc_anchor_5seed\seed-5\A4\ackley\evaluation_record.txt,E:\HCC-main\HCC_SRC\result,mi_arac_action_clean_hcc_anchor_5seed,A4,ackley,5,3001000,7.876676e+04,1107.609656,parsed,near_paper_3m_fe,aob_case_detected,0,1,0,historical HCC-main artifact; offline evidence only
exp_004_hcc_main_historical_result_recovery,E:\HCC-main\HCC_SRC\result\mi_arac_action_clean_hcc_anchor_5seed\seed-5\A5\ackley\evaluation_record.txt,E:\HCC-main\HCC_SRC\result,mi_arac_action_clean_hcc_anchor_5seed,A5,ackley,5,3001000,7.873026e+04,1316.637552,parsed,near_paper_3m_fe,aob_case_detected,0,1,0,historical HCC-main artifact; offline evidence only
exp_004_hcc_main_historical_result_recovery,E:\HCC-main\HCC_SRC\result\mi_arac_action_clean_hcc_anchor_5seed\seed-5\A6\ackley\evaluation_record.txt,E:\HCC-main\HCC_SRC\result,mi_arac_action_clean_hcc_anchor_5seed,A6,ackley,5,3001000,7.908550e+04,2138.470302,parsed,near_paper_3m_fe,aob_case_detected,0,1,0,historical HCC-main artifact; offline evidence only
exp_004_hcc_main_historical_result_recovery,E:\HCC-main\HCC_SRC\result\mi_arac_action_clean_hcc_anchor_5seed\seed-5\E2\elliptic\evaluation_record.txt,E:\HCC-main\HCC_SRC\result,mi_arac_action_clean_hcc_anchor_5seed,E2,elliptic,5,3000000,3.601300e+06,1991.846155,parsed,near_paper_3m_fe,aob_case_detected,0,1,0,historical HCC-main artifact; offline evidence only
exp_004_hcc_main_historical_result_recovery,E:\HCC-main\HCC_SRC\result\mi_arac_action_m179_route_a_s_family_low_risk_same_budget_smoke_run\m179_route_a_s_family_low_risk_same_budget_smoke_tfes3000000\S2\no_action_baseline\559c387d970ea6709068891acda19aa47f4287bdd62d656171c6d9cbc8eb0a5d\S2\schwefel\evaluation_record.txt,E:\HCC-main\HCC_SRC\result,mi_arac_action_m179_route_a_s_family_low_risk_same_budget_smoke_run,S2,schwefel,,2700000,2.258018e+04,465.921767,parsed,non_3m_fe,aob_case_detected,0,1,0,historical HCC-main artifact; offline evidence only
exp_004_hcc_main_historical_result_recovery,E:\HCC-main\HCC_SRC\result\mi_arac_action_m179_route_a_s_family_low_risk_same_budget_smoke_run\m179_route_a_s_family_low_risk_same_budget_smoke_tfes3000000\S2\no_action_baseline\edaa17699f278466a413a3ce8084fa98c740153b666a6c7e9d5da2803ef8d288\S2\schwefel\evaluation_record.txt,E:\HCC-main\HCC_SRC\result,mi_arac_action_m179_route_a_s_family_low_risk_same_budget_smoke_run,S2,schwefel,,2700000,2.258018e+04,448.827697,parsed,non_3m_fe,aob_case_detected,0,1,0,historical HCC-main artifact; offline evidence only
exp_004_hcc_main_historical_result_recovery,E:\HCC-main\HCC_SRC\result\mi_arac_action_m179_route_a_s_family_low_risk_same_budget_smoke_run\m179_route_a_s_family_low_risk_same_budget_smoke_tfes3000000\S2\route_a_m177_repaired_heterogeneous\4f796679805d58dfea001dd63c76ea41bf4165ae928cef54674376b040c99ca5\S2\schwefel\evaluation_record.txt,E:\HCC-main\HCC_SRC\result,mi_arac_action_m179_route_a_s_family_low_risk_same_budget_smoke_run,S2,schwefel,,2700000,2.258018e+04,506.091326,parsed,non_3m_fe,aob_case_detected,0,1,0,historical HCC-main artifact; offline evidence only
exp_004_hcc_main_historical_result_recovery,E:\HCC-main\HCC_SRC\result\mi_arac_action_m179_route_a_s_family_low_risk_same_budget_smoke_run\m179_route_a_s_family_low_risk_same_budget_smoke_tfes3000000\S2\route_a_m177_repaired_heterogeneous\5abd2b079fc5f0f09b4690c3a88da0d609617bfa3b203e43d83b9a963a2a07f6\S2\schwefel\evaluation_record.txt,E:\HCC-main\HCC_SRC\result,mi_arac_action_m179_route_a_s_family_low_risk_same_budget_smoke_run,S2,schwefel,,2700000,2.258018e+04,453.297443,parsed,non_3m_fe,aob_case_detected,0,1,0,historical HCC-main artifact; offline evidence only
exp_004_hcc_main_historical_result_recovery,E:\HCC-main\HCC_SRC\result\mi_arac_action_m179_route_a_s_family_low_risk_same_budget_smoke_run\m179_route_a_s_family_low_risk_same_budget_smoke_tfes3000000\S3\no_action_baseline\5eadaf4f308a289de750762084dd12dc37fb1fdb3a087bbecd8e698641d51b9d\S3\schwefel\evaluation_record.txt,E:\HCC-main\HCC_SRC\result,mi_arac_action_m179_route_a_s_family_low_risk_same_budget_smoke_run,S3,schwefel,,2700000,7.769275e+03,495.840895,parsed,non_3m_fe,aob_case_detected,0,1,0,historical HCC-main artifact; offline evidence only
exp_004_hcc_main_historical_result_recovery,E:\HCC-main\HCC_SRC\result\mi_arac_action_m179_route_a_s_family_low_risk_same_budget_smoke_run\m179_route_a_s_family_low_risk_same_budget_smoke_tfes3000000\S4\no_action_baseline\2e2b13219b0f47069ec77aab8af0510202589299242c46c36c1943a9704b153c\S4\schwefel\evaluation_record.txt,E:\HCC-main\HCC_SRC\result,mi_arac_action_m179_route_a_s_family_low_risk_same_budget_smoke_run,S4,schwefel,,2700000,1.331804e+05,493.484243,parsed,non_3m_fe,aob_case_detected,0,1,0,historical HCC-main artifact; offline evidence only
exp_004_hcc_main_historical_result_recovery,E:\HCC-main\HCC_SRC\result\mi_arac_action_m186_route_a_action_utility_margin_low_risk_same_budget_smoke_run\m186_route_a_action_utility_margin_low_risk_same_budget_smoke_tfes3000000\S2\no_action_baseline\535b6e6870ad6b4249db347c1376f8b714997e9774decb472a82164cef9e537e\S2\schwefel\evaluation_record.txt,E:\HCC-main\HCC_SRC\result,mi_arac_action_m186_route_a_action_utility_margin_low_risk_same_budget_smoke_run,S2,schwefel,,2700000,2.258018e+04,491.576849,parsed,non_3m_fe,aob_case_detected,0,1,0,historical HCC-main artifact; offline evidence only
exp_004_hcc_main_historical_result_recovery,E:\HCC-main\HCC_SRC\result\mi_arac_action_m186_route_a_action_utility_margin_low_risk_same_budget_smoke_run\m186_route_a_action_utility_margin_low_risk_same_budget_smoke_tfes3000000\S2\route_a_m184_repaired_heterogeneous\c8a1af281d92c27474bf40d3cd49fb7414021420bba08954957943e75fc829fa\S2\schwefel\evaluation_record.txt,E:\HCC-main\HCC_SRC\result,mi_arac_action_m186_route_a_action_utility_margin_low_risk_same_budget_smoke_run,S2,schwefel,,2700000,2.258018e+04,497.177073,parsed,non_3m_fe,aob_case_detected,0,1,0,historical HCC-main artifact; offline evidence only
exp_004_hcc_main_historical_result_recovery,E:\HCC-main\HCC_SRC\result\mi_arac_action_m186_route_a_action_utility_margin_low_risk_same_budget_smoke_run\m186_route_a_action_utility_margin_low_risk_same_budget_smoke_tfes3000000\S2\shuffled_random_negative_control\5dc6f3099042a8443c5c256ad974471e76ce6d8b89cce2e59c8fb006a1dbac1e\S2\schwefel\evaluation_record.txt,E:\HCC-main\HCC_SRC\result,mi_arac_action_m186_route_a_action_utility_margin_low_risk_same_budget_smoke_run,S2,schwefel,,2700000,2.258018e+04,506.148045,parsed,non_3m_fe,aob_case_detected,0,1,0,historical HCC-main artifact; offline evidence only
exp_004_hcc_main_historical_result_recovery,E:\HCC-main\HCC_SRC\result\mi_arac_action_m186_route_a_action_utility_margin_low_risk_same_budget_smoke_run\m186_route_a_action_utility_margin_low_risk_same_budget_smoke_tfes3000000\S3\no_action_baseline\598ef53a5d65d6bcaef3846f2b0dfd18ad6b5984e5b3893b63c30f880a830deb\S3\schwefel\evaluation_record.txt,E:\HCC-main\HCC_SRC\result,mi_arac_action_m186_route_a_action_utility_margin_low_risk_same_budget_smoke_run,S3,schwefel,,2700000,7.769275e+03,494.718190,parsed,non_3m_fe,aob_case_detected,0,1,0,historical HCC-main artifact; offline evidence only
exp_004_hcc_main_historical_result_recovery,E:\HCC-main\HCC_SRC\result\mi_arac_action_m186_route_a_action_utility_margin_low_risk_same_budget_smoke_run\m186_route_a_action_utility_margin_low_risk_same_budget_smoke_tfes3000000\S3\route_a_m184_repaired_heterogeneous\1aa0e304c299548fbf547f574d8e6e25450935b39b358bd92545643f9d091cb4\S3\schwefel\evaluation_record.txt,E:\HCC-main\HCC_SRC\result,mi_arac_action_m186_route_a_action_utility_margin_low_risk_same_budget_smoke_run,S3,schwefel,,2700000,7.769275e+03,475.086048,parsed,non_3m_fe,aob_case_detected,0,1,0,historical HCC-main artifact; offline evidence only
exp_004_hcc_main_historical_result_recovery,E:\HCC-main\HCC_SRC\result\mi_arac_action_m186_route_a_action_utility_margin_low_risk_same_budget_smoke_run\m186_route_a_action_utility_margin_low_risk_same_budget_smoke_tfes3000000\S3\shuffled_random_negative_control\de4d06ac8cd4d33c3183b34f284abea11443e63793e46e7df04c4d3d10d44338\S3\schwefel\evaluation_record.txt,E:\HCC-main\HCC_SRC\result,mi_arac_action_m186_route_a_action_utility_margin_low_risk_same_budget_smoke_run,S3,schwefel,,2700000,7.769275e+03,491.878787,parsed,non_3m_fe,aob_case_detected,0,1,0,historical HCC-main artifact; offline evidence only
exp_004_hcc_main_historical_result_recovery,E:\HCC-main\HCC_SRC\result\mi_arac_action_m186_route_a_action_utility_margin_low_risk_same_budget_smoke_run\m186_route_a_action_utility_margin_low_risk_same_budget_smoke_tfes3000000\S4\no_action_baseline\54c1a3680e5212dae85d3baeddd14f894ed774865e16ca0e67ae8c93f014f890\S4\schwefel\evaluation_record.txt,E:\HCC-main\HCC_SRC\result,mi_arac_action_m186_route_a_action_utility_margin_low_risk_same_budget_smoke_run,S4,schwefel,,2700000,1.331804e+05,467.847325,parsed,non_3m_fe,aob_case_detected,0,1,0,historical HCC-main artifact; offline evidence only
exp_004_hcc_main_historical_result_recovery,E:\HCC-main\HCC_SRC\result\mi_arac_action_m186_route_a_action_utility_margin_low_risk_same_budget_smoke_run\m186_route_a_action_utility_margin_low_risk_same_budget_smoke_tfes3000000\S4\route_a_m184_repaired_heterogeneous\a2437faf573042cc386d51eac9058256292479a611b309fcafac0abf82c4f7cd\S4\schwefel\evaluation_record.txt,E:\HCC-main\HCC_SRC\result,mi_arac_action_m186_route_a_action_utility_margin_low_risk_same_budget_smoke_run,S4,schwefel,,2700000,1.331804e+05,501.059617,parsed,non_3m_fe,aob_case_detected,0,1,0,historical HCC-main artifact; offline evidence only
exp_004_hcc_main_historical_result_recovery,E:\HCC-main\HCC_SRC\result\mi_arac_action_prefix01_dispatch_phaseii_policy\tfes-2969000\A1\ackley\evaluation_record.txt,E:\HCC-main\HCC_SRC\result,mi_arac_action_prefix01_dispatch_phaseii_policy,A1,ackley,,2970000,7.870333e+04,1133.408542,parsed,near_paper_3m_fe,aob_case_detected,0,1,0,historical HCC-main artifact; offline evidence only
exp_004_hcc_main_historical_result_recovery,E:\HCC-main\HCC_SRC\result\mi_arac_action_prefix01_dispatch_phaseii_policy\tfes-2969000\A2\ackley\evaluation_record.txt,E:\HCC-main\HCC_SRC\result,mi_arac_action_prefix01_dispatch_phaseii_policy,A2,ackley,,2970000,7.872275e+04,1198.597877,parsed,near_paper_3m_fe,aob_case_detected,0,1,0,historical HCC-main artifact; offline evidence only
exp_004_hcc_main_historical_result_recovery,E:\HCC-main\HCC_SRC\result\mi_arac_action_prefix01_dispatch_phaseii_policy\tfes-2969000\A3\ackley\evaluation_record.txt,E:\HCC-main\HCC_SRC\result,mi_arac_action_prefix01_dispatch_phaseii_policy,A3,ackley,,2970000,7.861455e+04,1162.615582,parsed,near_paper_3m_fe,aob_case_detected,0,1,0,historical HCC-main artifact; offline evidence only
exp_004_hcc_main_historical_result_recovery,E:\HCC-main\HCC_SRC\result\mi_arac_action_prefix01_dispatch_phaseii_policy\tfes-2969000\A4\ackley\evaluation_record.txt,E:\HCC-main\HCC_SRC\result,mi_arac_action_prefix01_dispatch_phaseii_policy,A4,ackley,,2970000,7.883191e+04,1287.719997,parsed,near_paper_3m_fe,aob_case_detected,0,1,0,historical HCC-main artifact; offline evidence only
exp_004_hcc_main_historical_result_recovery,E:\HCC-main\HCC_SRC\result\mi_arac_action_prefix01_dispatch_phaseii_policy\tfes-2969000\A5\ackley\evaluation_record.txt,E:\HCC-main\HCC_SRC\result,mi_arac_action_prefix01_dispatch_phaseii_policy,A5,ackley,,2970000,7.856521e+04,1329.228067,parsed,near_paper_3m_fe,aob_case_detected,0,1,0,historical HCC-main artifact; offline evidence only
exp_004_hcc_main_historical_result_recovery,E:\HCC-main\HCC_SRC\result\mi_arac_action_prefix01_dispatch_phaseii_policy\tfes-2969000\A6\ackley\evaluation_record.txt,E:\HCC-main\HCC_SRC\result,mi_arac_action_prefix01_dispatch_phaseii_policy,A6,ackley,,2970000,7.946173e+04,1375.775366,parsed,near_paper_3m_fe,aob_case_detected,0,1,0,historical HCC-main artifact; offline evidence only
exp_004_hcc_main_historical_result_recovery,E:\HCC-main\HCC_SRC\result\mi_arac_action_prefix01_dispatch_phaseii_policy\tfes-2969000\R1\rastrigin\evaluation_record.txt,E:\HCC-main\HCC_SRC\result,mi_arac_action_prefix01_dispatch_phaseii_policy,R1,rastrigin,,2969000,1.375844e+05,1226.553543,parsed,near_paper_3m_fe,aob_case_detected,0,1,0,historical HCC-main artifact; offline evidence only
exp_004_hcc_main_historical_result_recovery,E:\HCC-main\HCC_SRC\result\mi_arac_action_prefix01_dispatch_phaseii_policy\tfes-2969000\R2\rastrigin\evaluation_record.txt,E:\HCC-main\HCC_SRC\result,mi_arac_action_prefix01_dispatch_phaseii_policy,R2,rastrigin,,2969000,2.675367e+05,1101.474321,parsed,near_paper_3m_fe,aob_case_detected,0,1,0,historical HCC-main artifact; offline evidence only
exp_004_hcc_main_historical_result_recovery,E:\HCC-main\HCC_SRC\result\mi_arac_action_prefix01_dispatch_phaseii_policy\tfes-2969000\S2\schwefel\evaluation_record.txt,E:\HCC-main\HCC_SRC\result,mi_arac_action_prefix01_dispatch_phaseii_policy,S2,schwefel,,2969000,2.322058e+05,980.757143,parsed,near_paper_3m_fe,aob_case_detected,0,1,0,historical HCC-main artifact; offline evidence only
exp_004_hcc_main_historical_result_recovery,E:\HCC-main\HCC_SRC\result\mi_arac_action_prefix01_dispatch_phaseii_policy\tfes-2970000\A1\ackley\evaluation_record.txt,E:\HCC-main\HCC_SRC\result,mi_arac_action_prefix01_dispatch_phaseii_policy,A1,ackley,,2971000,7.870333e+04,1157.263000,parsed,near_paper_3m_fe,aob_case_detected,0,1,0,historical HCC-main artifact; offline evidence only
exp_004_hcc_main_historical_result_recovery,E:\HCC-main\HCC_SRC\result\mi_arac_action_prefix01_dispatch_phaseii_policy\tfes-2970000\A2\ackley\evaluation_record.txt,E:\HCC-main\HCC_SRC\result,mi_arac_action_prefix01_dispatch_phaseii_policy,A2,ackley,,2971000,7.875458e+04,1185.833660,parsed,near_paper_3m_fe,aob_case_detected,0,1,0,historical HCC-main artifact; offline evidence only
exp_004_hcc_main_historical_result_recovery,E:\HCC-main\HCC_SRC\result\mi_arac_action_prefix01_dispatch_phaseii_policy\tfes-2970000\A3\ackley\evaluation_record.txt,E:\HCC-main\HCC_SRC\result,mi_arac_action_prefix01_dispatch_phaseii_policy,A3,ackley,,2971000,7.883862e+04,1170.509855,parsed,near_paper_3m_fe,aob_case_detected,0,1,0,historical HCC-main artifact; offline evidence only
exp_004_hcc_main_historical_result_recovery,E:\HCC-main\HCC_SRC\result\mi_arac_action_prefix01_dispatch_phaseii_policy\tfes-2970000\A4\ackley\evaluation_record.txt,E:\HCC-main\HCC_SRC\result,mi_arac_action_prefix01_dispatch_phaseii_policy,A4,ackley,,2971000,7.866366e+04,1263.177487,parsed,near_paper_3m_fe,aob_case_detected,0,1,0,historical HCC-main artifact; offline evidence only
exp_004_hcc_main_historical_result_recovery,E:\HCC-main\HCC_SRC\result\mi_arac_action_prefix01_dispatch_phaseii_policy\tfes-2970000\A5\ackley\evaluation_record.txt,E:\HCC-main\HCC_SRC\result,mi_arac_action_prefix01_dispatch_phaseii_policy,A5,ackley,,2971000,7.871994e+04,1290.546977,parsed,near_paper_3m_fe,aob_case_detected,0,1,0,historical HCC-main artifact; offline evidence only
exp_004_hcc_main_historical_result_recovery,E:\HCC-main\HCC_SRC\result\mi_arac_action_prefix01_dispatch_phaseii_policy\tfes-2970000\A6\ackley\evaluation_record.txt,E:\HCC-main\HCC_SRC\result,mi_arac_action_prefix01_dispatch_phaseii_policy,A6,ackley,,2971000,7.950086e+04,1353.873435,parsed,near_paper_3m_fe,aob_case_detected,0,1,0,historical HCC-main artifact; offline evidence only
exp_004_hcc_main_historical_result_recovery,E:\HCC-main\HCC_SRC\result\mi_arac_action_prefix01_dispatch_phaseii_policy\tfes-2970000\E1\elliptic\evaluation_record.txt,E:\HCC-main\HCC_SRC\result,mi_arac_action_prefix01_dispatch_phaseii_policy,E1,elliptic,,2970000,4.083458e+05,1464.779213,parsed,near_paper_3m_fe,aob_case_detected,0,1,0,historical HCC-main artifact; offline evidence only
exp_004_hcc_main_historical_result_recovery,E:\HCC-main\HCC_SRC\result\mi_arac_action_prefix01_dispatch_phaseii_policy\tfes-2970000\E2\elliptic\evaluation_record.txt,E:\HCC-main\HCC_SRC\result,mi_arac_action_prefix01_dispatch_phaseii_policy,E2,elliptic,,2970000,3.401617e+06,1311.731902,parsed,near_paper_3m_fe,aob_case_detected,0,1,0,historical HCC-main artifact; offline evidence only
exp_004_hcc_main_historical_result_recovery,E:\HCC-main\HCC_SRC\result\mi_arac_action_prefix01_dispatch_phaseii_policy\tfes-2970000\E3\elliptic\evaluation_record.txt,E:\HCC-main\HCC_SRC\result,mi_arac_action_prefix01_dispatch_phaseii_policy,E3,elliptic,,2970000,1.287623e+07,1280.681584,parsed,near_paper_3m_fe,aob_case_detected,0,1,0,historical HCC-main artifact; offline evidence only
exp_004_hcc_main_historical_result_recovery,E:\HCC-main\HCC_SRC\result\mi_arac_action_prefix01_dispatch_phaseii_policy\tfes-2970000\E4\elliptic\evaluation_record.txt,E:\HCC-main\HCC_SRC\result,mi_arac_action_prefix01_dispatch_phaseii_policy,E4,elliptic,,2970000,2.029515e+07,1381.631247,parsed,near_paper_3m_fe,aob_case_detected,0,1,0,historical HCC-main artifact; offline evidence only
exp_004_hcc_main_historical_result_recovery,E:\HCC-main\HCC_SRC\result\mi_arac_action_prefix01_dispatch_phaseii_policy\tfes-2970000\E5\elliptic\evaluation_record.txt,E:\HCC-main\HCC_SRC\result,mi_arac_action_prefix01_dispatch_phaseii_policy,E5,elliptic,,2970000,1.684334e+07,1404.607373,parsed,near_paper_3m_fe,aob_case_detected,0,1,0,historical HCC-main artifact; offline evidence only
exp_004_hcc_main_historical_result_recovery,E:\HCC-main\HCC_SRC\result\mi_arac_action_prefix01_dispatch_phaseii_policy\tfes-2970000\R1\rastrigin\evaluation_record.txt,E:\HCC-main\HCC_SRC\result,mi_arac_action_prefix01_dispatch_phaseii_policy,R1,rastrigin,,2971000,1.375464e+05,1310.867852,parsed,near_paper_3m_fe,aob_case_detected,0,1,0,historical HCC-main artifact; offline evidence only
exp_004_hcc_main_historical_result_recovery,E:\HCC-main\HCC_SRC\result\mi_arac_action_prefix01_dispatch_phaseii_policy\tfes-2970000\R2\rastrigin\evaluation_record.txt,E:\HCC-main\HCC_SRC\result,mi_arac_action_prefix01_dispatch_phaseii_policy,R2,rastrigin,,2971000,1.953551e+05,1228.808205,parsed,near_paper_3m_fe,aob_case_detected,0,1,0,historical HCC-main artifact; offline evidence only
exp_004_hcc_main_historical_result_recovery,E:\HCC-main\HCC_SRC\result\mi_arac_action_prefix01_dispatch_phaseii_policy\tfes-2970000\R3\rastrigin\evaluation_record.txt,E:\HCC-main\HCC_SRC\result,mi_arac_action_prefix01_dispatch_phaseii_policy,R3,rastrigin,,2970000,5.793298e+05,1190.779589,parsed,near_paper_3m_fe,aob_case_detected,0,1,0,historical HCC-main artifact; offline evidence only
exp_004_hcc_main_historical_result_recovery,E:\HCC-main\HCC_SRC\result\mi_arac_action_prefix01_dispatch_phaseii_policy\tfes-2970000\R5\rastrigin\evaluation_record.txt,E:\HCC-main\HCC_SRC\result,mi_arac_action_prefix01_dispatch_phaseii_policy,R5,rastrigin,,2970000,1.013741e+06,1258.639873,parsed,near_paper_3m_fe,aob_case_detected,0,1,0,historical HCC-main artifact; offline evidence only
exp_004_hcc_main_historical_result_recovery,E:\HCC-main\HCC_SRC\result\mi_arac_action_prefix01_dispatch_phaseii_policy\tfes-2970000\R6\rastrigin\evaluation_record.txt,E:\HCC-main\HCC_SRC\result,mi_arac_action_prefix01_dispatch_phaseii_policy,R6,rastrigin,,2970000,1.003215e+06,1257.144363,parsed,near_paper_3m_fe,aob_case_detected,0,1,0,historical HCC-main artifact; offline evidence only
exp_004_hcc_main_historical_result_recovery,E:\HCC-main\HCC_SRC\result\mi_arac_action_prefix01_dispatch_phaseii_policy\tfes-2970000\S1\schwefel\evaluation_record.txt,E:\HCC-main\HCC_SRC\result,mi_arac_action_prefix01_dispatch_phaseii_policy,S1,schwefel,,2970000,3.170804e+01,1196.172378,parsed,near_paper_3m_fe,aob_case_detected,0,1,0,historical HCC-main artifact; offline evidence only
exp_004_hcc_main_historical_result_recovery,E:\HCC-main\HCC_SRC\result\mi_arac_action_prefix01_dispatch_phaseii_policy\tfes-2970000\S2\schwefel\evaluation_record.txt,E:\HCC-main\HCC_SRC\result,mi_arac_action_prefix01_dispatch_phaseii_policy,S2,schwefel,,2971000,8.128161e+04,1118.397896,parsed,near_paper_3m_fe,aob_case_detected,0,1,0,historical HCC-main artifact; offline evidence only
exp_004_hcc_main_historical_result_recovery,E:\HCC-main\HCC_SRC\result\mi_arac_action_prefix01_dispatch_phaseii_policy\tfes-2970000\S3\schwefel\evaluation_record.txt,E:\HCC-main\HCC_SRC\result,mi_arac_action_prefix01_dispatch_phaseii_policy,S3,schwefel,,2970000,1.356188e+05,1120.483838,parsed,near_paper_3m_fe,aob_case_detected,0,1,0,historical HCC-main artifact; offline evidence only
exp_004_hcc_main_historical_result_recovery,E:\HCC-main\HCC_SRC\result\mi_arac_action_prefix05_dispatch_phaseii_policy\tfes-2849000\A1\ackley\evaluation_record.txt,E:\HCC-main\HCC_SRC\result,mi_arac_action_prefix05_dispatch_phaseii_policy,A1,ackley,,2850000,7.870333e+04,1191.149106,parsed,non_3m_fe,aob_case_detected,0,1,0,historical HCC-main artifact; offline evidence only
exp_004_hcc_main_historical_result_recovery,E:\HCC-main\HCC_SRC\result\mi_arac_action_prefix05_dispatch_phaseii_policy\tfes-2849000\A2\ackley\evaluation_record.txt,E:\HCC-main\HCC_SRC\result,mi_arac_action_prefix05_dispatch_phaseii_policy,A2,ackley,,2850000,7.876486e+04,1228.048218,parsed,non_3m_fe,aob_case_detected,0,1,0,historical HCC-main artifact; offline evidence only
exp_004_hcc_main_historical_result_recovery,E:\HCC-main\HCC_SRC\result\mi_arac_action_prefix05_dispatch_phaseii_policy\tfes-2849000\A3\ackley\evaluation_record.txt,E:\HCC-main\HCC_SRC\result,mi_arac_action_prefix05_dispatch_phaseii_policy,A3,ackley,,2850000,7.856189e+04,1206.253460,parsed,non_3m_fe,aob_case_detected,0,1,0,historical HCC-main artifact; offline evidence only
exp_004_hcc_main_historical_result_recovery,E:\HCC-main\HCC_SRC\result\mi_arac_action_prefix05_dispatch_phaseii_policy\tfes-2849000\R1\rastrigin\evaluation_record.txt,E:\HCC-main\HCC_SRC\result,mi_arac_action_prefix05_dispatch_phaseii_policy,R1,rastrigin,,2850000,1.443758e+05,1130.930841,parsed,non_3m_fe,aob_case_detected,0,1,0,historical HCC-main artifact; offline evidence only
exp_004_hcc_main_historical_result_recovery,E:\HCC-main\HCC_SRC\result\mi_arac_action_prefix05_dispatch_phaseii_policy\tfes-2849000\R2\rastrigin\evaluation_record.txt,E:\HCC-main\HCC_SRC\result,mi_arac_action_prefix05_dispatch_phaseii_policy,R2,rastrigin,,2850000,2.680402e+05,1042.796164,parsed,non_3m_fe,aob_case_detected,0,1,0,historical HCC-main artifact; offline evidence only
exp_004_hcc_main_historical_result_recovery,E:\HCC-main\HCC_SRC\result\mi_arac_action_prefix05_dispatch_phaseii_policy\tfes-2849000\R3\rastrigin\evaluation_record.txt,E:\HCC-main\HCC_SRC\result,mi_arac_action_prefix05_dispatch_phaseii_policy,R3,rastrigin,,2850000,4.769051e+05,1074.089065,parsed,non_3m_fe,aob_case_detected,0,1,0,historical HCC-main artifact; offline evidence only
exp_004_hcc_main_historical_result_recovery,E:\HCC-main\HCC_SRC\result\mi_arac_action_prefix05_dispatch_phaseii_policy\tfes-2849000\S1\schwefel\evaluation_record.txt,E:\HCC-main\HCC_SRC\result,mi_arac_action_prefix05_dispatch_phaseii_policy,S1,schwefel,,2849000,7.544750e+01,1086.906240,parsed,non_3m_fe,aob_case_detected,0,1,0,historical HCC-main artifact; offline evidence only
exp_004_hcc_main_historical_result_recovery,E:\HCC-main\HCC_SRC\result\mi_arac_action_prefix05_dispatch_phaseii_policy\tfes-2850000\A1\ackley\evaluation_record.txt,E:\HCC-main\HCC_SRC\result,mi_arac_action_prefix05_dispatch_phaseii_policy,A1,ackley,,2851000,7.870333e+04,1109.330542,parsed,non_3m_fe,aob_case_detected,0,1,0,historical HCC-main artifact; offline evidence only
exp_004_hcc_main_historical_result_recovery,E:\HCC-main\HCC_SRC\result\mi_arac_action_prefix05_dispatch_phaseii_policy\tfes-2850000\A2\ackley\evaluation_record.txt,E:\HCC-main\HCC_SRC\result,mi_arac_action_prefix05_dispatch_phaseii_policy,A2,ackley,,2851000,7.863792e+04,1137.591831,parsed,non_3m_fe,aob_case_detected,0,1,0,historical HCC-main artifact; offline evidence only
exp_004_hcc_main_historical_result_recovery,E:\HCC-main\HCC_SRC\result\mi_arac_action_prefix05_dispatch_phaseii_policy\tfes-2850000\A3\ackley\evaluation_record.txt,E:\HCC-main\HCC_SRC\result,mi_arac_action_prefix05_dispatch_phaseii_policy,A3,ackley,,2851000,7.883233e+04,1133.214022,parsed,non_3m_fe,aob_case_detected,0,1,0,historical HCC-main artifact; offline evidence only
exp_004_hcc_main_historical_result_recovery,E:\HCC-main\HCC_SRC\result\mi_arac_action_prefix05_dispatch_phaseii_policy\tfes-2850000\E1\elliptic\evaluation_record.txt,E:\HCC-main\HCC_SRC\result,mi_arac_action_prefix05_dispatch_phaseii_policy,E1,elliptic,,2850000,6.693059e+05,1403.584017,parsed,non_3m_fe,aob_case_detected,0,1,0,historical HCC-main artifact; offline evidence only
exp_004_hcc_main_historical_result_recovery,E:\HCC-main\HCC_SRC\result\mi_arac_action_prefix05_dispatch_phaseii_policy\tfes-2850000\E2\elliptic\evaluation_record.txt,E:\HCC-main\HCC_SRC\result,mi_arac_action_prefix05_dispatch_phaseii_policy,E2,elliptic,,2850000,4.762845e+06,1216.983918,parsed,non_3m_fe,aob_case_detected,0,1,0,historical HCC-main artifact; offline evidence only
exp_004_hcc_main_historical_result_recovery,E:\HCC-main\HCC_SRC\result\mi_arac_action_prefix05_dispatch_phaseii_policy\tfes-2850000\E3\elliptic\evaluation_record.txt,E:\HCC-main\HCC_SRC\result,mi_arac_action_prefix05_dispatch_phaseii_policy,E3,elliptic,,2850000,1.192582e+07,1216.225633,parsed,non_3m_fe,aob_case_detected,0,1,0,historical HCC-main artifact; offline evidence only
exp_004_hcc_main_historical_result_recovery,E:\HCC-main\HCC_SRC\result\mi_arac_action_prefix05_dispatch_phaseii_policy\tfes-2850000\E5\elliptic\evaluation_record.txt,E:\HCC-main\HCC_SRC\result,mi_arac_action_prefix05_dispatch_phaseii_policy,E5,elliptic,,2850000,1.632062e+07,1309.050758,parsed,non_3m_fe,aob_case_detected,0,1,0,historical HCC-main artifact; offline evidence only
exp_004_hcc_main_historical_result_recovery,E:\HCC-main\HCC_SRC\result\mi_arac_action_prefix05_dispatch_phaseii_policy\tfes-2850000\R1\rastrigin\evaluation_record.txt,E:\HCC-main\HCC_SRC\result,mi_arac_action_prefix05_dispatch_phaseii_policy,R1,rastrigin,,2851000,1.443753e+05,1348.178576,parsed,non_3m_fe,aob_case_detected,0,1,0,historical HCC-main artifact; offline evidence only
exp_004_hcc_main_historical_result_recovery,E:\HCC-main\HCC_SRC\result\mi_arac_action_prefix05_dispatch_phaseii_policy\tfes-2850000\R2\rastrigin\evaluation_record.txt,E:\HCC-main\HCC_SRC\result,mi_arac_action_prefix05_dispatch_phaseii_policy,R2,rastrigin,,2851000,2.502749e+05,1243.836741,parsed,non_3m_fe,aob_case_detected,0,1,0,historical HCC-main artifact; offline evidence only
exp_004_hcc_main_historical_result_recovery,E:\HCC-main\HCC_SRC\result\mi_arac_action_prefix05_dispatch_phaseii_policy\tfes-2850000\R3\rastrigin\evaluation_record.txt,E:\HCC-main\HCC_SRC\result,mi_arac_action_prefix05_dispatch_phaseii_policy,R3,rastrigin,,2851000,5.263994e+05,1140.887270,parsed,non_3m_fe,aob_case_detected,0,1,0,historical HCC-main artifact; offline evidence only
exp_004_hcc_main_historical_result_recovery,E:\HCC-main\HCC_SRC\result\mi_arac_action_prefix05_dispatch_phaseii_policy\tfes-2850000\R5\rastrigin\evaluation_record.txt,E:\HCC-main\HCC_SRC\result,mi_arac_action_prefix05_dispatch_phaseii_policy,R5,rastrigin,,2850000,9.793070e+05,1274.185390,parsed,non_3m_fe,aob_case_detected,0,1,0,historical HCC-main artifact; offline evidence only
exp_004_hcc_main_historical_result_recovery,E:\HCC-main\HCC_SRC\result\mi_arac_action_prefix05_dispatch_phaseii_policy\tfes-2850000\R6\rastrigin\evaluation_record.txt,E:\HCC-main\HCC_SRC\result,mi_arac_action_prefix05_dispatch_phaseii_policy,R6,rastrigin,,2850000,1.170540e+06,1363.534374,parsed,non_3m_fe,aob_case_detected,0,1,0,historical HCC-main artifact; offline evidence only
exp_004_hcc_main_historical_result_recovery,E:\HCC-main\HCC_SRC\result\mi_arac_action_prefix05_dispatch_phaseii_policy\tfes-2850000\S1\schwefel\evaluation_record.txt,E:\HCC-main\HCC_SRC\result,mi_arac_action_prefix05_dispatch_phaseii_policy,S1,schwefel,,2851000,7.481642e+01,1292.695648,parsed,non_3m_fe,aob_case_detected,0,1,0,historical HCC-main artifact; offline evidence only
exp_004_hcc_main_historical_result_recovery,E:\HCC-main\HCC_SRC\result\mi_arac_action_prefix05_dispatch_phaseii_policy\tfes-2850000\S2\schwefel\evaluation_record.txt,E:\HCC-main\HCC_SRC\result,mi_arac_action_prefix05_dispatch_phaseii_policy,S2,schwefel,,2850000,6.072989e+03,1259.285329,parsed,non_3m_fe,aob_case_detected,0,1,0,historical HCC-main artifact; offline evidence only
exp_004_hcc_main_historical_result_recovery,E:\HCC-main\HCC_SRC\result\mi_arac_action_prefix05_dispatch_phaseii_policy\tfes-2850000\S3\schwefel\evaluation_record.txt,E:\HCC-main\HCC_SRC\result,mi_arac_action_prefix05_dispatch_phaseii_policy,S3,schwefel,,2850000,1.298940e+05,1233.951305,parsed,non_3m_fe,aob_case_detected,0,1,0,historical HCC-main artifact; offline evidence only
exp_004_hcc_main_historical_result_recovery,E:\HCC-main\HCC_SRC\result\mi_arac_action_prefix10_dispatch_phaseii_policy\tfes-2699000\A1\ackley\evaluation_record.txt,E:\HCC-main\HCC_SRC\result,mi_arac_action_prefix10_dispatch_phaseii_policy,A1,ackley,,2700000,7.870333e+04,970.751335,parsed,non_3m_fe,aob_case_detected,0,1,0,historical HCC-main artifact; offline evidence only
exp_004_hcc_main_historical_result_recovery,E:\HCC-main\HCC_SRC\result\mi_arac_action_prefix10_dispatch_phaseii_policy\tfes-2699000\A2\ackley\evaluation_record.txt,E:\HCC-main\HCC_SRC\result,mi_arac_action_prefix10_dispatch_phaseii_policy,A2,ackley,,2700000,7.863633e+04,989.892308,parsed,non_3m_fe,aob_case_detected,0,1,0,historical HCC-main artifact; offline evidence only
exp_004_hcc_main_historical_result_recovery,E:\HCC-main\HCC_SRC\result\mi_arac_action_prefix10_dispatch_phaseii_policy\tfes-2699000\R1\rastrigin\evaluation_record.txt,E:\HCC-main\HCC_SRC\result,mi_arac_action_prefix10_dispatch_phaseii_policy,R1,rastrigin,,2700000,1.444085e+05,517.715068,parsed,non_3m_fe,aob_case_detected,0,1,0,historical HCC-main artifact; offline evidence only
exp_004_hcc_main_historical_result_recovery,E:\HCC-main\HCC_SRC\result\mi_arac_action_prefix10_dispatch_phaseii_policy\tfes-2700000\A1\ackley\evaluation_record.txt,E:\HCC-main\HCC_SRC\result,mi_arac_action_prefix10_dispatch_phaseii_policy,A1,ackley,,2701000,7.870333e+04,1068.794446,parsed,non_3m_fe,aob_case_detected,0,1,0,historical HCC-main artifact; offline evidence only
exp_004_hcc_main_historical_result_recovery,E:\HCC-main\HCC_SRC\result\mi_arac_action_prefix10_dispatch_phaseii_policy\tfes-2700000\A2\ackley\evaluation_record.txt,E:\HCC-main\HCC_SRC\result,mi_arac_action_prefix10_dispatch_phaseii_policy,A2,ackley,,2701000,7.871127e+04,1100.240639,parsed,non_3m_fe,aob_case_detected,0,1,0,historical HCC-main artifact; offline evidence only
exp_004_hcc_main_historical_result_recovery,E:\HCC-main\HCC_SRC\result\mi_arac_action_prefix10_dispatch_phaseii_policy\tfes-2700000\E1\elliptic\evaluation_record.txt,E:\HCC-main\HCC_SRC\result,mi_arac_action_prefix10_dispatch_phaseii_policy,E1,elliptic,,2700000,1.142704e+06,1343.814347,parsed,non_3m_fe,aob_case_detected,0,1,0,historical HCC-main artifact; offline evidence only
exp_004_hcc_main_historical_result_recovery,E:\HCC-main\HCC_SRC\result\mi_arac_action_prefix10_dispatch_phaseii_policy\tfes-2700000\E2\elliptic\evaluation_record.txt,E:\HCC-main\HCC_SRC\result,mi_arac_action_prefix10_dispatch_phaseii_policy,E2,elliptic,,2700000,5.472137e+06,1173.599945,parsed,non_3m_fe,aob_case_detected,0,1,0,historical HCC-main artifact; offline evidence only
exp_004_hcc_main_historical_result_recovery,E:\HCC-main\HCC_SRC\result\mi_arac_action_prefix10_dispatch_phaseii_policy\tfes-2700000\E3\elliptic\evaluation_record.txt,E:\HCC-main\HCC_SRC\result,mi_arac_action_prefix10_dispatch_phaseii_policy,E3,elliptic,,2700000,1.754829e+07,1175.153486,parsed,non_3m_fe,aob_case_detected,0,1,0,historical HCC-main artifact; offline evidence only
exp_004_hcc_main_historical_result_recovery,E:\HCC-main\HCC_SRC\result\mi_arac_action_prefix10_dispatch_phaseii_policy\tfes-2700000\E4\elliptic\evaluation_record.txt,E:\HCC-main\HCC_SRC\result,mi_arac_action_prefix10_dispatch_phaseii_policy,E4,elliptic,,2700000,2.634806e+07,1207.852786,parsed,non_3m_fe,aob_case_detected,0,1,0,historical HCC-main artifact; offline evidence only
exp_004_hcc_main_historical_result_recovery,E:\HCC-main\HCC_SRC\result\mi_arac_action_prefix10_dispatch_phaseii_policy\tfes-2700000\E5\elliptic\evaluation_record.txt,E:\HCC-main\HCC_SRC\result,mi_arac_action_prefix10_dispatch_phaseii_policy,E5,elliptic,,2700000,1.396273e+07,1246.740444,parsed,non_3m_fe,aob_case_detected,0,1,0,historical HCC-main artifact; offline evidence only
exp_004_hcc_main_historical_result_recovery,E:\HCC-main\HCC_SRC\result\mi_arac_action_prefix10_dispatch_phaseii_policy\tfes-2700000\R1\rastrigin\evaluation_record.txt,E:\HCC-main\HCC_SRC\result,mi_arac_action_prefix10_dispatch_phaseii_policy,R1,rastrigin,,2701000,1.444083e+05,1079.577294,parsed,non_3m_fe,aob_case_detected,0,1,0,historical HCC-main artifact; offline evidence only
exp_004_hcc_main_historical_result_recovery,E:\HCC-main\HCC_SRC\result\mi_arac_action_prefix10_dispatch_phaseii_policy\tfes-2700000\R3\rastrigin\evaluation_record.txt,E:\HCC-main\HCC_SRC\result,mi_arac_action_prefix10_dispatch_phaseii_policy,R3,rastrigin,,2700000,7.955794e+05,937.377728,parsed,non_3m_fe,aob_case_detected,0,1,0,historical HCC-main artifact; offline evidence only
exp_004_hcc_main_historical_result_recovery,E:\HCC-main\HCC_SRC\result\mi_arac_action_prefix10_dispatch_phaseii_policy\tfes-2700000\R5\rastrigin\evaluation_record.txt,E:\HCC-main\HCC_SRC\result,mi_arac_action_prefix10_dispatch_phaseii_policy,R5,rastrigin,,2700000,9.358130e+05,1007.310845,parsed,non_3m_fe,aob_case_detected,0,1,0,historical HCC-main artifact; offline evidence only
exp_004_hcc_main_historical_result_recovery,E:\HCC-main\HCC_SRC\result\mi_arac_action_prefix10_dispatch_phaseii_policy\tfes-2700000\R6\rastrigin\evaluation_record.txt,E:\HCC-main\HCC_SRC\result,mi_arac_action_prefix10_dispatch_phaseii_policy,R6,rastrigin,,2700000,1.300435e+06,1040.209424,parsed,non_3m_fe,aob_case_detected,0,1,0,historical HCC-main artifact; offline evidence only
exp_004_hcc_main_historical_result_recovery,E:\HCC-main\HCC_SRC\result\mi_arac_action_prefix10_fallback_policy\E6\elliptic\evaluation_record.txt,E:\HCC-main\HCC_SRC\result,mi_arac_action_prefix10_fallback_policy,E6,elliptic,,2700000,2.706738e+07,1257.014563,parsed,non_3m_fe,aob_case_detected,0,1,0,historical HCC-main artifact; offline evidence only
exp_004_hcc_main_historical_result_recovery,E:\HCC-main\HCC_SRC\result\mi_arac_action_prefix10_fallback_policy\R2\rastrigin\evaluation_record.txt,E:\HCC-main\HCC_SRC\result,mi_arac_action_prefix10_fallback_policy,R2,rastrigin,,2701000,2.926437e+05,1097.961848,parsed,non_3m_fe,aob_case_detected,0,1,0,historical HCC-main artifact; offline evidence only
exp_004_hcc_main_historical_result_recovery,E:\HCC-main\HCC_SRC\result\mi_arac_action_prefix10_fallback_policy\S1\schwefel\evaluation_record.txt,E:\HCC-main\HCC_SRC\result,mi_arac_action_prefix10_fallback_policy,S1,schwefel,,2700000,2.493002e+02,1129.074553,parsed,non_3m_fe,aob_case_detected,0,1,0,historical HCC-main artifact; offline evidence only
exp_004_hcc_main_historical_result_recovery,E:\HCC-main\HCC_SRC\result\mi_arac_action_prefix10_fallback_policy\S2\schwefel\evaluation_record.txt,E:\HCC-main\HCC_SRC\result,mi_arac_action_prefix10_fallback_policy,S2,schwefel,,2700000,2.153159e+05,1073.119776,parsed,non_3m_fe,aob_case_detected,0,1,0,historical HCC-main artifact; offline evidence only
exp_004_hcc_main_historical_result_recovery,E:\HCC-main\HCC_SRC\result\mi_arac_action_prefix10_fallback_policy\tfes-2699000\R2\rastrigin\evaluation_record.txt,E:\HCC-main\HCC_SRC\result,mi_arac_action_prefix10_fallback_policy,R2,rastrigin,,2700000,2.107311e+05,467.173703,parsed,non_3m_fe,aob_case_detected,0,1,0,historical HCC-main artifact; offline evidence only
exp_004_hcc_main_historical_result_recovery,E:\HCC-main\HCC_SRC\result\mi_arac_action_prefix10_fallback_policy\tfes-2700000\R2\rastrigin\evaluation_record.txt,E:\HCC-main\HCC_SRC\result,mi_arac_action_prefix10_fallback_policy,R2,rastrigin,,2701000,2.926437e+05,456.826894,parsed,non_3m_fe,aob_case_detected,0,1,0,historical HCC-main artifact; offline evidence only
exp_004_hcc_main_historical_result_recovery,E:\HCC-main\HCC_SRC\result\mi_arac_action_prefix30_dispatch_phaseii_policy\tfes-2099000\A1\ackley\evaluation_record.txt,E:\HCC-main\HCC_SRC\result,mi_arac_action_prefix30_dispatch_phaseii_policy,A1,ackley,,2100000,7.873498e+04,825.359582,parsed,non_3m_fe,aob_case_detected,0,1,0,historical HCC-main artifact; offline evidence only
exp_004_hcc_main_historical_result_recovery,E:\HCC-main\HCC_SRC\result\mi_arac_action_prefix30_dispatch_phaseii_policy\tfes-2099000\A2\ackley\evaluation_record.txt,E:\HCC-main\HCC_SRC\result,mi_arac_action_prefix30_dispatch_phaseii_policy,A2,ackley,,2100000,7.884531e+04,846.708605,parsed,non_3m_fe,aob_case_detected,0,1,0,historical HCC-main artifact; offline evidence only
exp_004_hcc_main_historical_result_recovery,E:\HCC-main\HCC_SRC\result\mi_arac_action_prefix30_dispatch_phaseii_policy\tfes-2099000\R1\rastrigin\evaluation_record.txt,E:\HCC-main\HCC_SRC\result,mi_arac_action_prefix30_dispatch_phaseii_policy,R1,rastrigin,,2100000,1.482618e+05,903.495280,parsed,non_3m_fe,aob_case_detected,0,1,0,historical HCC-main artifact; offline evidence only
exp_004_hcc_main_historical_result_recovery,E:\HCC-main\HCC_SRC\result\mi_arac_action_prefix30_dispatch_phaseii_policy\tfes-2099000\R3\rastrigin\evaluation_record.txt,E:\HCC-main\HCC_SRC\result,mi_arac_action_prefix30_dispatch_phaseii_policy,R3,rastrigin,,2099000,5.727214e+05,808.427115,parsed,non_3m_fe,aob_case_detected,0,1,0,historical HCC-main artifact; offline evidence only
exp_004_hcc_main_historical_result_recovery,E:\HCC-main\HCC_SRC\result\mi_arac_action_prefix30_dispatch_phaseii_policy\tfes-2100000\A1\ackley\evaluation_record.txt,E:\HCC-main\HCC_SRC\result,mi_arac_action_prefix30_dispatch_phaseii_policy,A1,ackley,,2101000,7.873498e+04,955.705904,parsed,non_3m_fe,aob_case_detected,0,1,0,historical HCC-main artifact; offline evidence only
exp_004_hcc_main_historical_result_recovery,E:\HCC-main\HCC_SRC\result\mi_arac_action_prefix30_dispatch_phaseii_policy\tfes-2100000\A2\ackley\evaluation_record.txt,E:\HCC-main\HCC_SRC\result,mi_arac_action_prefix30_dispatch_phaseii_policy,A2,ackley,,2101000,7.888399e+04,964.554151,parsed,non_3m_fe,aob_case_detected,0,1,0,historical HCC-main artifact; offline evidence only
exp_004_hcc_main_historical_result_recovery,E:\HCC-main\HCC_SRC\result\mi_arac_action_prefix30_dispatch_phaseii_policy\tfes-2100000\E1\elliptic\evaluation_record.txt,E:\HCC-main\HCC_SRC\result,mi_arac_action_prefix30_dispatch_phaseii_policy,E1,elliptic,,2100000,7.455529e+06,1177.487955,parsed,non_3m_fe,aob_case_detected,0,1,0,historical HCC-main artifact; offline evidence only
exp_004_hcc_main_historical_result_recovery,E:\HCC-main\HCC_SRC\result\mi_arac_action_prefix30_dispatch_phaseii_policy\tfes-2100000\E2\elliptic\evaluation_record.txt,E:\HCC-main\HCC_SRC\result,mi_arac_action_prefix30_dispatch_phaseii_policy,E2,elliptic,,2100000,2.158199e+07,1056.313679,parsed,non_3m_fe,aob_case_detected,0,1,0,historical HCC-main artifact; offline evidence only
exp_004_hcc_main_historical_result_recovery,E:\HCC-main\HCC_SRC\result\mi_arac_action_prefix30_dispatch_phaseii_policy\tfes-2100000\E3\elliptic\evaluation_record.txt,E:\HCC-main\HCC_SRC\result,mi_arac_action_prefix30_dispatch_phaseii_policy,E3,elliptic,,2100000,5.458566e+07,1005.485133,parsed,non_3m_fe,aob_case_detected,0,1,0,historical HCC-main artifact; offline evidence only
exp_004_hcc_main_historical_result_recovery,E:\HCC-main\HCC_SRC\result\mi_arac_action_prefix30_dispatch_phaseii_policy\tfes-2100000\E4\elliptic\evaluation_record.txt,E:\HCC-main\HCC_SRC\result,mi_arac_action_prefix30_dispatch_phaseii_policy,E4,elliptic,,2100000,3.757816e+07,1116.576488,parsed,non_3m_fe,aob_case_detected,0,1,0,historical HCC-main artifact; offline evidence only
exp_004_hcc_main_historical_result_recovery,E:\HCC-main\HCC_SRC\result\mi_arac_action_prefix30_dispatch_phaseii_policy\tfes-2100000\E5\elliptic\evaluation_record.txt,E:\HCC-main\HCC_SRC\result,mi_arac_action_prefix30_dispatch_phaseii_policy,E5,elliptic,,2100000,3.143282e+07,1145.591375,parsed,non_3m_fe,aob_case_detected,0,1,0,historical HCC-main artifact; offline evidence only
exp_004_hcc_main_historical_result_recovery,E:\HCC-main\HCC_SRC\result\mi_arac_action_prefix30_dispatch_phaseii_policy\tfes-2100000\R1\rastrigin\evaluation_record.txt,E:\HCC-main\HCC_SRC\result,mi_arac_action_prefix30_dispatch_phaseii_policy,R1,rastrigin,,2101000,1.482618e+05,901.449887,parsed,non_3m_fe,aob_case_detected,0,1,0,historical HCC-main artifact; offline evidence only
exp_004_hcc_main_historical_result_recovery,E:\HCC-main\HCC_SRC\result\mi_arac_action_prefix30_dispatch_phaseii_policy\tfes-2100000\R3\rastrigin\evaluation_record.txt,E:\HCC-main\HCC_SRC\result,mi_arac_action_prefix30_dispatch_phaseii_policy,R3,rastrigin,,2101000,4.230764e+05,797.201322,parsed,non_3m_fe,aob_case_detected,0,1,0,historical HCC-main artifact; offline evidence only
exp_004_hcc_main_historical_result_recovery,E:\HCC-main\HCC_SRC\result\mi_arac_action_prefix30_dispatch_phaseii_policy\tfes-2100000\S1\schwefel\evaluation_record.txt,E:\HCC-main\HCC_SRC\result,mi_arac_action_prefix30_dispatch_phaseii_policy,S1,schwefel,,2100000,3.290773e+04,905.840516,parsed,non_3m_fe,aob_case_detected,0,1,0,historical HCC-main artifact; offline evidence only
exp_004_hcc_main_historical_result_recovery,E:\HCC-main\HCC_SRC\result\paper_like_S1_elitism\schwefel\evaluation_record.txt,E:\HCC-main\HCC_SRC\result,paper_like_S1_elitism,,schwefel,,3001000,8.915454e+02,865.566594,parsed,near_paper_3m_fe,unknown_case,0,1,0,historical HCC-main artifact; offline evidence only
exp_004_hcc_main_historical_result_recovery,E:\HCC-main\HCC_SRC\result\paper_like_S1_no_earlystop\schwefel\evaluation_record.txt,E:\HCC-main\HCC_SRC\result,paper_like_S1_no_earlystop,,schwefel,,3001000,1.187175e+03,909.569008,parsed,near_paper_3m_fe,unknown_case,0,1,0,historical HCC-main artifact; offline evidence only
exp_004_hcc_main_historical_result_recovery,E:\HCC-main\HCC_SRC\result\paper_like_S1_no_earlystop2\schwefel\evaluation_record.txt,E:\HCC-main\HCC_SRC\result,paper_like_S1_no_earlystop2,,schwefel,,3011000,1.484808e+07,561.006463,parsed,near_paper_3m_fe,unknown_case,0,1,0,historical HCC-main artifact; offline evidence only
exp_004_hcc_main_historical_result_recovery,E:\HCC-main\HCC_SRC\result\paper_like_S1_no_restart_no_earlystop\schwefel\schwefel\evaluation_record.txt,E:\HCC-main\HCC_SRC\result,paper_like_S1_no_restart_no_earlystop,,schwefel,,3000000,5.092603e+04,522.398046,parsed,near_paper_3m_fe,unknown_case,0,1,0,historical HCC-main artifact; offline evidence only
exp_004_hcc_main_historical_result_recovery,E:\HCC-main\HCC_SRC\result\paper_like_S1_overlap_fix\schwefel\evaluation_record.txt,E:\HCC-main\HCC_SRC\result,paper_like_S1_overlap_fix,,schwefel,,3001000,2.450321e+04,684.027537,parsed,near_paper_3m_fe,unknown_case,0,1,0,historical HCC-main artifact; offline evidence only
exp_004_hcc_main_historical_result_recovery,E:\HCC-main\HCC_SRC\result\paper_like_S1_restart_on\schwefel\evaluation_record.txt,E:\HCC-main\HCC_SRC\result,paper_like_S1_restart_on,,schwefel,,3001000,1.185215e+03,959.229336,parsed,near_paper_3m_fe,unknown_case,0,1,0,historical HCC-main artifact; offline evidence only
exp_004_hcc_main_historical_result_recovery,E:\HCC-main\HCC_SRC\result\paper_like_S1_seed_rotate\schwefel\evaluation_record.txt,E:\HCC-main\HCC_SRC\result,paper_like_S1_seed_rotate,,schwefel,,3001000,2.450321e+04,850.904323,parsed,near_paper_3m_fe,unknown_case,0,1,0,historical HCC-main artifact; offline evidence only
exp_004_hcc_main_historical_result_recovery,E:\HCC-main\HCC_SRC\result\paper_like_S1_sigma_fix\schwefel\evaluation_record.txt,E:\HCC-main\HCC_SRC\result,paper_like_S1_sigma_fix,,schwefel,,3001000,2.965643e+09,554.801313,parsed,near_paper_3m_fe,unknown_case,0,1,0,historical HCC-main artifact; offline evidence only
exp_004_hcc_main_historical_result_recovery,E:\HCC-main\HCC_SRC\result\paper_like_seed1\A1\ackley\evaluation_record.txt,E:\HCC-main\HCC_SRC\result,paper_like_seed1,A1,ackley,,3001000,7.882253e+04,1482.380463,parsed,near_paper_3m_fe,aob_case_detected,0,1,0,historical HCC-main artifact; offline evidence only
exp_004_hcc_main_historical_result_recovery,E:\HCC-main\HCC_SRC\result\paper_like_seed1\A2\ackley\evaluation_record.txt,E:\HCC-main\HCC_SRC\result,paper_like_seed1,A2,ackley,,3001000,7.848340e+04,1452.820390,parsed,near_paper_3m_fe,aob_case_detected,0,1,0,historical HCC-main artifact; offline evidence only
exp_004_hcc_main_historical_result_recovery,E:\HCC-main\HCC_SRC\result\paper_like_seed1\A3\ackley\evaluation_record.txt,E:\HCC-main\HCC_SRC\result,paper_like_seed1,A3,ackley,,3001000,7.887538e+04,1456.167154,parsed,near_paper_3m_fe,aob_case_detected,0,1,0,historical HCC-main artifact; offline evidence only
exp_004_hcc_main_historical_result_recovery,E:\HCC-main\HCC_SRC\result\paper_like_seed1\A4\ackley\evaluation_record.txt,E:\HCC-main\HCC_SRC\result,paper_like_seed1,A4,ackley,,3001000,7.842840e+04,1511.920734,parsed,near_paper_3m_fe,aob_case_detected,0,1,0,historical HCC-main artifact; offline evidence only
exp_004_hcc_main_historical_result_recovery,E:\HCC-main\HCC_SRC\result\paper_like_seed1\A5\ackley\evaluation_record.txt,E:\HCC-main\HCC_SRC\result,paper_like_seed1,A5,ackley,,3001000,7.924535e+04,1526.511895,parsed,near_paper_3m_fe,aob_case_detected,0,1,0,historical HCC-main artifact; offline evidence only
exp_004_hcc_main_historical_result_recovery,E:\HCC-main\HCC_SRC\result\paper_like_seed1\A6\ackley\evaluation_record.txt,E:\HCC-main\HCC_SRC\result,paper_like_seed1,A6,ackley,,3001000,7.860444e+04,1530.418692,parsed,near_paper_3m_fe,aob_case_detected,0,1,0,historical HCC-main artifact; offline evidence only
exp_004_hcc_main_historical_result_recovery,E:\HCC-main\HCC_SRC\result\paper_like_seed1\E1\elliptic\evaluation_record.txt,E:\HCC-main\HCC_SRC\result,paper_like_seed1,E1,elliptic,,3000000,2.753705e+06,1181.415947,parsed,near_paper_3m_fe,aob_case_detected,0,1,0,historical HCC-main artifact; offline evidence only
exp_004_hcc_main_historical_result_recovery,E:\HCC-main\HCC_SRC\result\paper_like_seed1\E2\elliptic\evaluation_record.txt,E:\HCC-main\HCC_SRC\result,paper_like_seed1,E2,elliptic,,3000000,1.135089e+07,985.466886,parsed,near_paper_3m_fe,aob_case_detected,0,1,0,historical HCC-main artifact; offline evidence only
exp_004_hcc_main_historical_result_recovery,E:\HCC-main\HCC_SRC\result\paper_like_seed1\E3\elliptic\evaluation_record.txt,E:\HCC-main\HCC_SRC\result,paper_like_seed1,E3,elliptic,,3000000,8.217466e+06,1005.091208,parsed,near_paper_3m_fe,aob_case_detected,0,1,0,historical HCC-main artifact; offline evidence only
exp_004_hcc_main_historical_result_recovery,E:\HCC-main\HCC_SRC\result\paper_like_seed1\E4\elliptic\evaluation_record.txt,E:\HCC-main\HCC_SRC\result,paper_like_seed1,E4,elliptic,,3000000,1.510332e+07,1030.381948,parsed,near_paper_3m_fe,aob_case_detected,0,1,0,historical HCC-main artifact; offline evidence only
exp_004_hcc_main_historical_result_recovery,E:\HCC-main\HCC_SRC\result\paper_like_seed1\E5\elliptic\evaluation_record.txt,E:\HCC-main\HCC_SRC\result,paper_like_seed1,E5,elliptic,,3000000,1.955310e+07,1052.302830,parsed,near_paper_3m_fe,aob_case_detected,0,1,0,historical HCC-main artifact; offline evidence only
exp_004_hcc_main_historical_result_recovery,E:\HCC-main\HCC_SRC\result\paper_like_seed1\E6\elliptic\evaluation_record.txt,E:\HCC-main\HCC_SRC\result,paper_like_seed1,E6,elliptic,,3000000,2.644759e+07,1054.079767,parsed,near_paper_3m_fe,aob_case_detected,0,1,0,historical HCC-main artifact; offline evidence only
exp_004_hcc_main_historical_result_recovery,E:\HCC-main\HCC_SRC\result\paper_like_seed1\R1\rastrigin\evaluation_record.txt,E:\HCC-main\HCC_SRC\result,paper_like_seed1,R1,rastrigin,,3001000,2.020464e+05,1267.852976,parsed,near_paper_3m_fe,aob_case_detected,0,1,0,historical HCC-main artifact; offline evidence only
exp_004_hcc_main_historical_result_recovery,E:\HCC-main\HCC_SRC\result\paper_like_seed1\R2\rastrigin\evaluation_record.txt,E:\HCC-main\HCC_SRC\result,paper_like_seed1,R2,rastrigin,,3001000,3.651946e+05,1012.856865,parsed,near_paper_3m_fe,aob_case_detected,0,1,0,historical HCC-main artifact; offline evidence only
exp_004_hcc_main_historical_result_recovery,E:\HCC-main\HCC_SRC\result\paper_like_seed1\R3\rastrigin\evaluation_record.txt,E:\HCC-main\HCC_SRC\result,paper_like_seed1,R3,rastrigin,,3000000,4.488876e+05,981.084396,parsed,near_paper_3m_fe,aob_case_detected,0,1,0,historical HCC-main artifact; offline evidence only
exp_004_hcc_main_historical_result_recovery,E:\HCC-main\HCC_SRC\result\paper_like_seed1\R4\rastrigin\evaluation_record.txt,E:\HCC-main\HCC_SRC\result,paper_like_seed1,R4,rastrigin,,3000000,1.088802e+06,987.511615,parsed,near_paper_3m_fe,aob_case_detected,0,1,0,historical HCC-main artifact; offline evidence only
exp_004_hcc_main_historical_result_recovery,E:\HCC-main\HCC_SRC\result\paper_like_seed1\R5\rastrigin\evaluation_record.txt,E:\HCC-main\HCC_SRC\result,paper_like_seed1,R5,rastrigin,,3000000,1.144748e+06,1304.130306,parsed,near_paper_3m_fe,aob_case_detected,0,1,0,historical HCC-main artifact; offline evidence only
exp_004_hcc_main_historical_result_recovery,E:\HCC-main\HCC_SRC\result\paper_like_seed1\R6\rastrigin\evaluation_record.txt,E:\HCC-main\HCC_SRC\result,paper_like_seed1,R6,rastrigin,,3000000,1.064716e+06,1431.633056,parsed,near_paper_3m_fe,aob_case_detected,0,1,0,historical HCC-main artifact; offline evidence only
exp_004_hcc_main_historical_result_recovery,E:\HCC-main\HCC_SRC\result\paper_like_seed1\S1\schwefel\evaluation_record.txt,E:\HCC-main\HCC_SRC\result,paper_like_seed1,S1,schwefel,,3000000,9.562706e+01,1137.664860,parsed,near_paper_3m_fe,aob_case_detected,0,1,0,historical HCC-main artifact; offline evidence only
exp_004_hcc_main_historical_result_recovery,E:\HCC-main\HCC_SRC\result\paper_like_seed1\S2\schwefel\evaluation_record.txt,E:\HCC-main\HCC_SRC\result,paper_like_seed1,S2,schwefel,,3000000,5.847504e+04,1088.267159,parsed,near_paper_3m_fe,aob_case_detected,0,1,0,historical HCC-main artifact; offline evidence only
exp_004_hcc_main_historical_result_recovery,E:\HCC-main\HCC_SRC\result\paper_like_seed1\S3\schwefel\evaluation_record.txt,E:\HCC-main\HCC_SRC\result,paper_like_seed1,S3,schwefel,,3000000,3.792421e+04,910.496646,parsed,near_paper_3m_fe,aob_case_detected,0,1,0,historical HCC-main artifact; offline evidence only
exp_004_hcc_main_historical_result_recovery,E:\HCC-main\HCC_SRC\result\paper_like_seed1\S4\schwefel\evaluation_record.txt,E:\HCC-main\HCC_SRC\result,paper_like_seed1,S4,schwefel,,3000000,8.918833e+04,1004.581729,parsed,near_paper_3m_fe,aob_case_detected,0,1,0,historical HCC-main artifact; offline evidence only
exp_004_hcc_main_historical_result_recovery,E:\HCC-main\HCC_SRC\result\paper_like_seed1\S5\schwefel\evaluation_record.txt,E:\HCC-main\HCC_SRC\result,paper_like_seed1,S5,schwefel,,3000000,1.871241e+05,963.839944,parsed,near_paper_3m_fe,aob_case_detected,0,1,0,historical HCC-main artifact; offline evidence only
exp_004_hcc_main_historical_result_recovery,E:\HCC-main\HCC_SRC\result\paper_like_seed1\S6\schwefel\evaluation_record.txt,E:\HCC-main\HCC_SRC\result,paper_like_seed1,S6,schwefel,,3000000,4.091427e+04,998.949780,parsed,near_paper_3m_fe,aob_case_detected,0,1,0,historical HCC-main artifact; offline evidence only
exp_004_hcc_main_historical_result_recovery,E:\HCC-main\HCC_SRC\result\paper_like_seed1_current_fix_24case\S2\schwefel\evaluation_record.txt,E:\HCC-main\HCC_SRC\result,paper_like_seed1_current_fix_24case,S2,schwefel,,3000000,3.390253e+03,1285.909337,parsed,near_paper_3m_fe,aob_case_detected,0,1,0,historical HCC-main artifact; offline evidence only
exp_004_hcc_main_historical_result_recovery,E:\HCC-main\HCC_SRC\result\paper_like_seed1_dryrun\E1\elliptic\evaluation_record.txt,E:\HCC-main\HCC_SRC\result,paper_like_seed1_dryrun,E1,elliptic,,2095,4.679486e+13,0.324521,parsed,non_3m_fe,aob_case_detected,0,1,0,historical HCC-main artifact; offline evidence only
exp_004_hcc_main_historical_result_recovery,E:\HCC-main\HCC_SRC\result\paper_like_seed1_function_pipeline_fix\A1\ackley\evaluation_record.txt,E:\HCC-main\HCC_SRC\result,paper_like_seed1_function_pipeline_fix,A1,ackley,,3001000,7.836371e+04,1170.741203,parsed,near_paper_3m_fe,aob_case_detected,0,1,0,historical HCC-main artifact; offline evidence only
exp_004_hcc_main_historical_result_recovery,E:\HCC-main\HCC_SRC\result\paper_like_seed1_function_pipeline_fix\A2\ackley\evaluation_record.txt,E:\HCC-main\HCC_SRC\result,paper_like_seed1_function_pipeline_fix,A2,ackley,,3001000,7.878680e+04,1193.250303,parsed,near_paper_3m_fe,aob_case_detected,0,1,0,historical HCC-main artifact; offline evidence only
exp_004_hcc_main_historical_result_recovery,E:\HCC-main\HCC_SRC\result\paper_like_seed1_function_pipeline_fix\A3\ackley\evaluation_record.txt,E:\HCC-main\HCC_SRC\result,paper_like_seed1_function_pipeline_fix,A3,ackley,,3001000,7.873841e+04,1202.531635,parsed,near_paper_3m_fe,aob_case_detected,0,1,0,historical HCC-main artifact; offline evidence only
exp_004_hcc_main_historical_result_recovery,E:\HCC-main\HCC_SRC\result\paper_like_seed1_function_pipeline_fix\A4\ackley\evaluation_record.txt,E:\HCC-main\HCC_SRC\result,paper_like_seed1_function_pipeline_fix,A4,ackley,,3001000,7.902806e+04,1320.343378,parsed,near_paper_3m_fe,aob_case_detected,0,1,0,historical HCC-main artifact; offline evidence only
exp_004_hcc_main_historical_result_recovery,E:\HCC-main\HCC_SRC\result\paper_like_seed1_function_pipeline_fix\A5\ackley\evaluation_record.txt,E:\HCC-main\HCC_SRC\result,paper_like_seed1_function_pipeline_fix,A5,ackley,,3001000,7.860706e+04,1350.005166,parsed,near_paper_3m_fe,aob_case_detected,0,1,0,historical HCC-main artifact; offline evidence only
exp_004_hcc_main_historical_result_recovery,E:\HCC-main\HCC_SRC\result\paper_like_seed1_function_pipeline_fix\A6\ackley\evaluation_record.txt,E:\HCC-main\HCC_SRC\result,paper_like_seed1_function_pipeline_fix,A6,ackley,,3001000,7.963746e+04,1407.933601,parsed,near_paper_3m_fe,aob_case_detected,0,1,0,historical HCC-main artifact; offline evidence only
exp_004_hcc_main_historical_result_recovery,E:\HCC-main\HCC_SRC\result\paper_like_seed1_function_pipeline_fix\E1\elliptic\evaluation_record.txt,E:\HCC-main\HCC_SRC\result,paper_like_seed1_function_pipeline_fix,E1,elliptic,,3000000,3.526407e+05,1461.867393,parsed,near_paper_3m_fe,aob_case_detected,0,1,0,historical HCC-main artifact; offline evidence only
exp_004_hcc_main_historical_result_recovery,E:\HCC-main\HCC_SRC\result\paper_like_seed1_function_pipeline_fix\E2\elliptic\evaluation_record.txt,E:\HCC-main\HCC_SRC\result,paper_like_seed1_function_pipeline_fix,E2,elliptic,,3000000,4.195207e+06,1276.879261,parsed,near_paper_3m_fe,aob_case_detected,0,1,0,historical HCC-main artifact; offline evidence only
exp_004_hcc_main_historical_result_recovery,E:\HCC-main\HCC_SRC\result\paper_like_seed1_function_pipeline_fix\E3\elliptic\evaluation_record.txt,E:\HCC-main\HCC_SRC\result,paper_like_seed1_function_pipeline_fix,E3,elliptic,,3000000,1.420232e+07,1324.091775,parsed,near_paper_3m_fe,aob_case_detected,0,1,0,historical HCC-main artifact; offline evidence only
exp_004_hcc_main_historical_result_recovery,E:\HCC-main\HCC_SRC\result\paper_like_seed1_function_pipeline_fix\E4\elliptic\evaluation_record.txt,E:\HCC-main\HCC_SRC\result,paper_like_seed1_function_pipeline_fix,E4,elliptic,,3000000,2.487700e+07,1367.076921,parsed,near_paper_3m_fe,aob_case_detected,0,1,0,historical HCC-main artifact; offline evidence only
exp_004_hcc_main_historical_result_recovery,E:\HCC-main\HCC_SRC\result\paper_like_seed1_function_pipeline_fix\E5\elliptic\evaluation_record.txt,E:\HCC-main\HCC_SRC\result,paper_like_seed1_function_pipeline_fix,E5,elliptic,,3000000,1.791245e+07,1409.191290,parsed,near_paper_3m_fe,aob_case_detected,0,1,0,historical HCC-main artifact; offline evidence only
exp_004_hcc_main_historical_result_recovery,E:\HCC-main\HCC_SRC\result\paper_like_seed1_function_pipeline_fix\E6\elliptic\evaluation_record.txt,E:\HCC-main\HCC_SRC\result,paper_like_seed1_function_pipeline_fix,E6,elliptic,,3000000,2.773810e+07,1410.085374,parsed,near_paper_3m_fe,aob_case_detected,0,1,0,historical HCC-main artifact; offline evidence only
exp_004_hcc_main_historical_result_recovery,E:\HCC-main\HCC_SRC\result\paper_like_seed1_function_pipeline_fix\R1\rastrigin\evaluation_record.txt,E:\HCC-main\HCC_SRC\result,paper_like_seed1_function_pipeline_fix,R1,rastrigin,,3000000,2.038641e+05,1302.015460,parsed,near_paper_3m_fe,aob_case_detected,0,1,0,historical HCC-main artifact; offline evidence only
exp_004_hcc_main_historical_result_recovery,E:\HCC-main\HCC_SRC\result\paper_like_seed1_function_pipeline_fix\R2\rastrigin\evaluation_record.txt,E:\HCC-main\HCC_SRC\result,paper_like_seed1_function_pipeline_fix,R2,rastrigin,,3001000,2.511374e+05,1191.657894,parsed,near_paper_3m_fe,aob_case_detected,0,1,0,historical HCC-main artifact; offline evidence only
exp_004_hcc_main_historical_result_recovery,E:\HCC-main\HCC_SRC\result\paper_like_seed1_function_pipeline_fix\R3\rastrigin\evaluation_record.txt,E:\HCC-main\HCC_SRC\result,paper_like_seed1_function_pipeline_fix,R3,rastrigin,,3000000,4.076996e+05,1086.595698,parsed,near_paper_3m_fe,aob_case_detected,0,1,0,historical HCC-main artifact; offline evidence only
exp_004_hcc_main_historical_result_recovery,E:\HCC-main\HCC_SRC\result\paper_like_seed1_function_pipeline_fix\R4\rastrigin\evaluation_record.txt,E:\HCC-main\HCC_SRC\result,paper_like_seed1_function_pipeline_fix,R4,rastrigin,,3000000,6.813109e+05,1216.240220,parsed,near_paper_3m_fe,aob_case_detected,0,1,0,historical HCC-main artifact; offline evidence only
exp_004_hcc_main_historical_result_recovery,E:\HCC-main\HCC_SRC\result\paper_like_seed1_function_pipeline_fix\R5\rastrigin\evaluation_record.txt,E:\HCC-main\HCC_SRC\result,paper_like_seed1_function_pipeline_fix,R5,rastrigin,,3000000,9.523927e+05,1306.014745,parsed,near_paper_3m_fe,aob_case_detected,0,1,0,historical HCC-main artifact; offline evidence only
exp_004_hcc_main_historical_result_recovery,E:\HCC-main\HCC_SRC\result\paper_like_seed1_function_pipeline_fix\R6\rastrigin\evaluation_record.txt,E:\HCC-main\HCC_SRC\result,paper_like_seed1_function_pipeline_fix,R6,rastrigin,,3000000,1.118573e+06,1313.581229,parsed,near_paper_3m_fe,aob_case_detected,0,1,0,historical HCC-main artifact; offline evidence only
exp_004_hcc_main_historical_result_recovery,E:\HCC-main\HCC_SRC\result\paper_like_seed1_function_pipeline_fix\S1\schwefel\evaluation_record.txt,E:\HCC-main\HCC_SRC\result,paper_like_seed1_function_pipeline_fix,S1,schwefel,,3000000,2.389337e+03,1268.366285,parsed,near_paper_3m_fe,aob_case_detected,0,1,0,historical HCC-main artifact; offline evidence only
exp_004_hcc_main_historical_result_recovery,E:\HCC-main\HCC_SRC\result\paper_like_seed1_function_pipeline_fix\S2\schwefel\evaluation_record.txt,E:\HCC-main\HCC_SRC\result,paper_like_seed1_function_pipeline_fix,S2,schwefel,,3000000,1.243568e+05,1159.369664,parsed,near_paper_3m_fe,aob_case_detected,0,1,0,historical HCC-main artifact; offline evidence only
exp_004_hcc_main_historical_result_recovery,E:\HCC-main\HCC_SRC\result\paper_like_seed1_function_pipeline_fix\S3\schwefel\evaluation_record.txt,E:\HCC-main\HCC_SRC\result,paper_like_seed1_function_pipeline_fix,S3,schwefel,,3000000,5.042052e+04,1074.681884,parsed,near_paper_3m_fe,aob_case_detected,0,1,0,historical HCC-main artifact; offline evidence only
exp_004_hcc_main_historical_result_recovery,E:\HCC-main\HCC_SRC\result\paper_like_seed1_function_pipeline_fix\S4\schwefel\evaluation_record.txt,E:\HCC-main\HCC_SRC\result,paper_like_seed1_function_pipeline_fix,S4,schwefel,,3000000,1.158343e+05,1166.099008,parsed,near_paper_3m_fe,aob_case_detected,0,1,0,historical HCC-main artifact; offline evidence only
exp_004_hcc_main_historical_result_recovery,E:\HCC-main\HCC_SRC\result\paper_like_seed1_function_pipeline_fix\S5\schwefel\evaluation_record.txt,E:\HCC-main\HCC_SRC\result,paper_like_seed1_function_pipeline_fix,S5,schwefel,,3000000,1.619227e+05,1205.465335,parsed,near_paper_3m_fe,aob_case_detected,0,1,0,historical HCC-main artifact; offline evidence only
exp_004_hcc_main_historical_result_recovery,E:\HCC-main\HCC_SRC\result\paper_like_seed1_function_pipeline_fix\S6\schwefel\evaluation_record.txt,E:\HCC-main\HCC_SRC\result,paper_like_seed1_function_pipeline_fix,S6,schwefel,,3000000,1.033465e+05,1235.486075,parsed,near_paper_3m_fe,aob_case_detected,0,1,0,historical HCC-main artifact; offline evidence only
exp_004_hcc_main_historical_result_recovery,E:\HCC-main\HCC_SRC\result\paper_like_seed1_topology_fix_schwefel\S1\schwefel\evaluation_record.txt,E:\HCC-main\HCC_SRC\result,paper_like_seed1_topology_fix_schwefel,S1,schwefel,,3000000,2.837938e+03,1413.803833,parsed,near_paper_3m_fe,aob_case_detected,0,1,0,historical HCC-main artifact; offline evidence only
exp_004_hcc_main_historical_result_recovery,E:\HCC-main\HCC_SRC\result\paper_like_seed1_topology_fix_schwefel\S2\schwefel\evaluation_record.txt,E:\HCC-main\HCC_SRC\result,paper_like_seed1_topology_fix_schwefel,S2,schwefel,,3000000,8.274475e+03,1328.964548,parsed,near_paper_3m_fe,aob_case_detected,0,1,0,historical HCC-main artifact; offline evidence only
exp_004_hcc_main_historical_result_recovery,E:\HCC-main\HCC_SRC\result\paper_like_seed1_topology_fix_schwefel\S3\schwefel\evaluation_record.txt,E:\HCC-main\HCC_SRC\result,paper_like_seed1_topology_fix_schwefel,S3,schwefel,,3000000,2.235006e+05,1274.035068,parsed,near_paper_3m_fe,aob_case_detected,0,1,0,historical HCC-main artifact; offline evidence only
exp_004_hcc_main_historical_result_recovery,E:\HCC-main\HCC_SRC\result\paper_like_seed1_topology_fix_schwefel\S4\schwefel\evaluation_record.txt,E:\HCC-main\HCC_SRC\result,paper_like_seed1_topology_fix_schwefel,S4,schwefel,,3000000,1.587667e+04,1298.339105,parsed,near_paper_3m_fe,aob_case_detected,0,1,0,historical HCC-main artifact; offline evidence only
exp_004_hcc_main_historical_result_recovery,E:\HCC-main\HCC_SRC\result\paper_like_seed1_topology_fix_schwefel\S5\schwefel\evaluation_record.txt,E:\HCC-main\HCC_SRC\result,paper_like_seed1_topology_fix_schwefel,S5,schwefel,,3000000,1.316993e+05,1329.335592,parsed,near_paper_3m_fe,aob_case_detected,0,1,0,historical HCC-main artifact; offline evidence only
exp_004_hcc_main_historical_result_recovery,E:\HCC-main\HCC_SRC\result\paper_like_seed1_topology_fix_schwefel\S6\schwefel\evaluation_record.txt,E:\HCC-main\HCC_SRC\result,paper_like_seed1_topology_fix_schwefel,S6,schwefel,,3000000,1.128455e+05,1312.874355,parsed,near_paper_3m_fe,aob_case_detected,0,1,0,historical HCC-main artifact; offline evidence only
exp_004_hcc_main_historical_result_recovery,E:\HCC-main\HCC_SRC\result\smoke\codex-best-baseline-fix-s1\schwefel\evaluation_record.txt,E:\HCC-main\HCC_SRC\result,smoke,,schwefel,,2270,7.345149e+17,0.399585,parsed,non_3m_fe,unknown_case,0,1,0,historical HCC-main artifact; offline evidence only
exp_004_hcc_main_historical_result_recovery,E:\HCC-main\HCC_SRC\result\smoke\codex-dimension-fix-f6\ackley\evaluation_record.txt,E:\HCC-main\HCC_SRC\result,smoke,,ackley,,2129,8.150295e+04,1.519798,parsed,non_3m_fe,unknown_case,0,1,0,historical HCC-main artifact; offline evidence only
exp_004_hcc_main_historical_result_recovery,E:\HCC-main\HCC_SRC\result\smoke\codex-dimension-fix-f6\elliptic\evaluation_record.txt,E:\HCC-main\HCC_SRC\result,smoke,,elliptic,,2129,2.519545e+13,0.373337,parsed,non_3m_fe,unknown_case,0,1,0,historical HCC-main artifact; offline evidence only
exp_004_hcc_main_historical_result_recovery,E:\HCC-main\HCC_SRC\result\smoke\codex-dimension-fix-f6\rastrigin\evaluation_record.txt,E:\HCC-main\HCC_SRC\result,smoke,,rastrigin,,2129,4.567538e+14,0.588964,parsed,non_3m_fe,unknown_case,0,1,0,historical HCC-main artifact; offline evidence only
exp_004_hcc_main_historical_result_recovery,E:\HCC-main\HCC_SRC\result\smoke\codex-dimension-fix-f6\schwefel\evaluation_record.txt,E:\HCC-main\HCC_SRC\result,smoke,,schwefel,,2129,2.715767e+15,0.512865,parsed,non_3m_fe,unknown_case,0,1,0,historical HCC-main artifact; offline evidence only
exp_004_hcc_main_historical_result_recovery,E:\HCC-main\HCC_SRC\result\smoke\codex-function-pipeline-f1\ackley\evaluation_record.txt,E:\HCC-main\HCC_SRC\result,smoke,,ackley,,2270,8.277004e+04,0.523254,parsed,non_3m_fe,unknown_case,0,1,0,historical HCC-main artifact; offline evidence only
exp_004_hcc_main_historical_result_recovery,E:\HCC-main\HCC_SRC\result\smoke\codex-function-pipeline-f1\elliptic\evaluation_record.txt,E:\HCC-main\HCC_SRC\result,smoke,,elliptic,,2270,1.817749e+23,0.484586,parsed,non_3m_fe,unknown_case,0,1,0,historical HCC-main artifact; offline evidence only
exp_004_hcc_main_historical_result_recovery,E:\HCC-main\HCC_SRC\result\smoke\codex-function-pipeline-f1\rastrigin\evaluation_record.txt,E:\HCC-main\HCC_SRC\result,smoke,,rastrigin,,2270,2.004020e+17,0.520320,parsed,non_3m_fe,unknown_case,0,1,0,historical HCC-main artifact; offline evidence only
exp_004_hcc_main_historical_result_recovery,E:\HCC-main\HCC_SRC\result\smoke\codex-function-pipeline-f1\schwefel\evaluation_record.txt,E:\HCC-main\HCC_SRC\result,smoke,,schwefel,,2270,7.606285e+17,0.467472,parsed,non_3m_fe,unknown_case,0,1,0,historical HCC-main artifact; offline evidence only
exp_004_hcc_main_historical_result_recovery,E:\HCC-main\HCC_SRC\result\smoke\codex-gradient\ackley\evaluation_record.txt,E:\HCC-main\HCC_SRC\result,smoke,,ackley,,2095,8.257077e+04,0.439947,parsed,non_3m_fe,unknown_case,0,1,0,historical HCC-main artifact; offline evidence only
exp_004_hcc_main_historical_result_recovery,E:\HCC-main\HCC_SRC\result\smoke\codex-gradient\elliptic\evaluation_record.txt,E:\HCC-main\HCC_SRC\result,smoke,,elliptic,,2095,4.634193e+13,0.345507,parsed,non_3m_fe,unknown_case,0,1,0,historical HCC-main artifact; offline evidence only
exp_004_hcc_main_historical_result_recovery,E:\HCC-main\HCC_SRC\result\smoke\codex-gradient\rastrigin\evaluation_record.txt,E:\HCC-main\HCC_SRC\result,smoke,,rastrigin,,2095,1.878212e+18,0.443578,parsed,non_3m_fe,unknown_case,0,1,0,historical HCC-main artifact; offline evidence only
exp_004_hcc_main_historical_result_recovery,E:\HCC-main\HCC_SRC\result\smoke\codex-gradient\schwefel\evaluation_record.txt,E:\HCC-main\HCC_SRC\result,smoke,,schwefel,,2095,7.621496e+17,0.453968,parsed,non_3m_fe,unknown_case,0,1,0,historical HCC-main artifact; offline evidence only
exp_004_hcc_main_historical_result_recovery,E:\HCC-main\HCC_SRC\result\smoke\codex-matrix\ackley\evaluation_record.txt,E:\HCC-main\HCC_SRC\result,smoke,,ackley,,2095,8.248833e+04,0.465686,parsed,non_3m_fe,unknown_case,0,1,0,historical HCC-main artifact; offline evidence only
exp_004_hcc_main_historical_result_recovery,E:\HCC-main\HCC_SRC\result\smoke\codex-matrix\elliptic\evaluation_record.txt,E:\HCC-main\HCC_SRC\result,smoke,,elliptic,,2095,4.576679e+13,0.362633,parsed,non_3m_fe,unknown_case,0,1,0,historical HCC-main artifact; offline evidence only
exp_004_hcc_main_historical_result_recovery,E:\HCC-main\HCC_SRC\result\smoke\codex-matrix\rastrigin\evaluation_record.txt,E:\HCC-main\HCC_SRC\result,smoke,,rastrigin,,2095,1.895384e+18,0.456793,parsed,non_3m_fe,unknown_case,0,1,0,historical HCC-main artifact; offline evidence only
exp_004_hcc_main_historical_result_recovery,E:\HCC-main\HCC_SRC\result\smoke\codex-matrix\schwefel\evaluation_record.txt,E:\HCC-main\HCC_SRC\result,smoke,,schwefel,,2095,7.404411e+17,0.418340,parsed,non_3m_fe,unknown_case,0,1,0,historical HCC-main artifact; offline evidence only
exp_004_hcc_main_historical_result_recovery,E:\HCC-main\HCC_SRC\result\smoke\codex-no-worse-baseline-s1\schwefel\evaluation_record.txt,E:\HCC-main\HCC_SRC\result,smoke,,schwefel,,2270,7.345149e+17,0.437690,parsed,non_3m_fe,unknown_case,0,1,0,historical HCC-main artifact; offline evidence only
exp_004_hcc_main_historical_result_recovery,E:\HCC-main\HCC_SRC\result\smoke\codex-omega-fix-s1\schwefel\evaluation_record.txt,E:\HCC-main\HCC_SRC\result,smoke,,schwefel,,2270,7.106556e+17,0.560585,parsed,non_3m_fe,unknown_case,0,1,0,historical HCC-main artifact; offline evidence only
exp_004_hcc_main_historical_result_recovery,E:\HCC-main\HCC_SRC\result\smoke\codex-paper-entry\elliptic\evaluation_record.txt,E:\HCC-main\HCC_SRC\result,smoke,,elliptic,,120100,5.596925e+10,17.178256,parsed,non_3m_fe,unknown_case,0,1,0,historical HCC-main artifact; offline evidence only
exp_004_hcc_main_historical_result_recovery,E:\HCC-main\HCC_SRC\result\smoke\codex-revert-failed-baseline-hypothesis\schwefel\evaluation_record.txt,E:\HCC-main\HCC_SRC\result,smoke,,schwefel,,2270,7.345149e+17,0.454549,parsed,non_3m_fe,unknown_case,0,1,0,historical HCC-main artifact; offline evidence only
exp_004_hcc_main_historical_result_recovery,E:\HCC-main\HCC_SRC\result\smoke\codex-smoke\elliptic\evaluation_record.txt,E:\HCC-main\HCC_SRC\result,smoke,,elliptic,,2095,4.712344e+13,0.354337,parsed,non_3m_fe,unknown_case,0,1,0,historical HCC-main artifact; offline evidence only
