run_id,source_file,experiment_label,problem_id,base_function,seed,fe_used,budget_match_status,historical_final_error,paper_reported_mean,paper_reported_std,better_than_paper_reported,offline_error_delta_vs_paper,runtime_dispatch_allowed,comparison_role
exp_004_hcc_main_historical_result_recovery,E:\HCC-main\HCC_SRC\result\mi_arac_action_clean_hcc_anchor_5seed\seed-1\A1\ackley\evaluation_record.txt,mi_arac_action_clean_hcc_anchor_5seed,A1,ackley,1,3001000,near_paper_3m_fe,7.870333e+04,7.76E4,1.25E1,0,1.103329e+03,0,offline_historical_hcc_main_vs_paper_reported
exp_004_hcc_main_historical_result_recovery,E:\HCC-main\HCC_SRC\result\mi_arac_action_clean_hcc_anchor_5seed\seed-1\A2\ackley\evaluation_record.txt,mi_arac_action_clean_hcc_anchor_5seed,A2,ackley,1,3001000,near_paper_3m_fe,7.872172e+04,7.81E4,9.78E0,0,6.217234e+02,0,offline_historical_hcc_main_vs_paper_reported
exp_004_hcc_main_historical_result_recovery,E:\HCC-main\HCC_SRC\result\mi_arac_action_clean_hcc_anchor_5seed\seed-1\A3\ackley\evaluation_record.txt,mi_arac_action_clean_hcc_anchor_5seed,A3,ackley,1,3001000,near_paper_3m_fe,7.880340e+04,7.86E4,2.09E1,0,2.034026e+02,0,offline_historical_hcc_main_vs_paper_reported
exp_004_hcc_main_historical_result_recovery,E:\HCC-main\HCC_SRC\result\mi_arac_action_clean_hcc_anchor_5seed\seed-1\A4\ackley\evaluation_record.txt,mi_arac_action_clean_hcc_anchor_5seed,A4,ackley,1,3001000,near_paper_3m_fe,7.873660e+04,7.83E4,1.14E1,0,4.366011e+02,0,offline_historical_hcc_main_vs_paper_reported
exp_004_hcc_main_historical_result_recovery,E:\HCC-main\HCC_SRC\result\mi_arac_action_clean_hcc_anchor_5seed\seed-1\A5\ackley\evaluation_record.txt,mi_arac_action_clean_hcc_anchor_5seed,A5,ackley,1,3001000,near_paper_3m_fe,7.874540e+04,7.85E4,2.35E1,0,2.454046e+02,0,offline_historical_hcc_main_vs_paper_reported
exp_004_hcc_main_historical_result_recovery,E:\HCC-main\HCC_SRC\result\mi_arac_action_clean_hcc_anchor_5seed\seed-1\A6\ackley\evaluation_record.txt,mi_arac_action_clean_hcc_anchor_5seed,A6,ackley,1,3001000,near_paper_3m_fe,7.949002e+04,7.80E4,7.06E0,0,1.490015e+03,0,offline_historical_hcc_main_vs_paper_reported
exp_004_hcc_main_historical_result_recovery,E:\HCC-main\HCC_SRC\result\mi_arac_action_clean_hcc_anchor_5seed\seed-1\E2\elliptic\evaluation_record.txt,mi_arac_action_clean_hcc_anchor_5seed,E2,elliptic,1,3000000,near_paper_3m_fe,3.428987e+06,6.87E6,4.73E4,1,-3.441013e+06,0,offline_historical_hcc_main_vs_paper_reported
exp_004_hcc_main_historical_result_recovery,E:\HCC-main\HCC_SRC\result\mi_arac_action_clean_hcc_anchor_5seed\seed-1\E3\elliptic\evaluation_record.txt,mi_arac_action_clean_hcc_anchor_5seed,E3,elliptic,1,3000000,near_paper_3m_fe,1.155354e+07,1.60E7,5.62E5,1,-4.446456e+06,0,offline_historical_hcc_main_vs_paper_reported
exp_004_hcc_main_historical_result_recovery,E:\HCC-main\HCC_SRC\result\mi_arac_action_clean_hcc_anchor_5seed\seed-1\E4\elliptic\evaluation_record.txt,mi_arac_action_clean_hcc_anchor_5seed,E4,elliptic,1,3000000,near_paper_3m_fe,2.066882e+07,2.26E7,3.04E5,1,-1.931178e+06,0,offline_historical_hcc_main_vs_paper_reported
exp_004_hcc_main_historical_result_recovery,E:\HCC-main\HCC_SRC\result\mi_arac_action_clean_hcc_anchor_5seed\seed-2\A1\ackley\evaluation_record.txt,mi_arac_action_clean_hcc_anchor_5seed,A1,ackley,2,3001000,near_paper_3m_fe,7.875274e+04,7.76E4,1.25E1,0,1.152744e+03,0,offline_historical_hcc_main_vs_paper_reported
exp_004_hcc_main_historical_result_recovery,E:\HCC-main\HCC_SRC\result\mi_arac_action_clean_hcc_anchor_5seed\seed-2\A2\ackley\evaluation_record.txt,mi_arac_action_clean_hcc_anchor_5seed,A2,ackley,2,3001000,near_paper_3m_fe,7.854023e+04,7.81E4,9.78E0,0,4.402319e+02,0,offline_historical_hcc_main_vs_paper_reported
exp_004_hcc_main_historical_result_recovery,E:\HCC-main\HCC_SRC\result\mi_arac_action_clean_hcc_anchor_5seed\seed-2\A3\ackley\evaluation_record.txt,mi_arac_action_clean_hcc_anchor_5seed,A3,ackley,2,3001000,near_paper_3m_fe,7.865713e+04,7.86E4,2.09E1,0,5.712561e+01,0,offline_historical_hcc_main_vs_paper_reported
exp_004_hcc_main_historical_result_recovery,E:\HCC-main\HCC_SRC\result\mi_arac_action_clean_hcc_anchor_5seed\seed-2\A4\ackley\evaluation_record.txt,mi_arac_action_clean_hcc_anchor_5seed,A4,ackley,2,3001000,near_paper_3m_fe,7.825342e+04,7.83E4,1.14E1,1,-4.657820e+01,0,offline_historical_hcc_main_vs_paper_reported
exp_004_hcc_main_historical_result_recovery,E:\HCC-main\HCC_SRC\result\mi_arac_action_clean_hcc_anchor_5seed\seed-2\A5\ackley\evaluation_record.txt,mi_arac_action_clean_hcc_anchor_5seed,A5,ackley,2,3001000,near_paper_3m_fe,7.856303e+04,7.85E4,2.35E1,0,6.302710e+01,0,offline_historical_hcc_main_vs_paper_reported
exp_004_hcc_main_historical_result_recovery,E:\HCC-main\HCC_SRC\result\mi_arac_action_clean_hcc_anchor_5seed\seed-2\A6\ackley\evaluation_record.txt,mi_arac_action_clean_hcc_anchor_5seed,A6,ackley,2,3001000,near_paper_3m_fe,7.815793e+04,7.80E4,7.06E0,0,1.579308e+02,0,offline_historical_hcc_main_vs_paper_reported
exp_004_hcc_main_historical_result_recovery,E:\HCC-main\HCC_SRC\result\mi_arac_action_clean_hcc_anchor_5seed\seed-2\E1\elliptic\evaluation_record.txt,mi_arac_action_clean_hcc_anchor_5seed,E1,elliptic,2,3000000,near_paper_3m_fe,3.296521e+05,2.84E6,2.35E5,1,-2.510348e+06,0,offline_historical_hcc_main_vs_paper_reported
exp_004_hcc_main_historical_result_recovery,E:\HCC-main\HCC_SRC\result\mi_arac_action_clean_hcc_anchor_5seed\seed-2\E2\elliptic\evaluation_record.txt,mi_arac_action_clean_hcc_anchor_5seed,E2,elliptic,2,3000000,near_paper_3m_fe,8.660162e+06,6.87E6,4.73E4,0,1.790162e+06,0,offline_historical_hcc_main_vs_paper_reported
exp_004_hcc_main_historical_result_recovery,E:\HCC-main\HCC_SRC\result\mi_arac_action_clean_hcc_anchor_5seed\seed-2\E3\elliptic\evaluation_record.txt,mi_arac_action_clean_hcc_anchor_5seed,E3,elliptic,2,3000000,near_paper_3m_fe,7.254322e+06,1.60E7,5.62E5,1,-8.745678e+06,0,offline_historical_hcc_main_vs_paper_reported
exp_004_hcc_main_historical_result_recovery,E:\HCC-main\HCC_SRC\result\mi_arac_action_clean_hcc_anchor_5seed\seed-3\A1\ackley\evaluation_record.txt,mi_arac_action_clean_hcc_anchor_5seed,A1,ackley,3,3001000,near_paper_3m_fe,7.839680e+04,7.76E4,1.25E1,0,7.968013e+02,0,offline_historical_hcc_main_vs_paper_reported
exp_004_hcc_main_historical_result_recovery,E:\HCC-main\HCC_SRC\result\mi_arac_action_clean_hcc_anchor_5seed\seed-3\A2\ackley\evaluation_record.txt,mi_arac_action_clean_hcc_anchor_5seed,A2,ackley,3,3001000,near_paper_3m_fe,7.847626e+04,7.81E4,9.78E0,0,3.762638e+02,0,offline_historical_hcc_main_vs_paper_reported
exp_004_hcc_main_historical_result_recovery,E:\HCC-main\HCC_SRC\result\mi_arac_action_clean_hcc_anchor_5seed\seed-3\A3\ackley\evaluation_record.txt,mi_arac_action_clean_hcc_anchor_5seed,A3,ackley,3,3001000,near_paper_3m_fe,7.883103e+04,7.86E4,2.09E1,0,2.310289e+02,0,offline_historical_hcc_main_vs_paper_reported
exp_004_hcc_main_historical_result_recovery,E:\HCC-main\HCC_SRC\result\mi_arac_action_clean_hcc_anchor_5seed\seed-3\A4\ackley\evaluation_record.txt,mi_arac_action_clean_hcc_anchor_5seed,A4,ackley,3,3001000,near_paper_3m_fe,7.857143e+04,7.83E4,1.14E1,0,2.714327e+02,0,offline_historical_hcc_main_vs_paper_reported
exp_004_hcc_main_historical_result_recovery,E:\HCC-main\HCC_SRC\result\mi_arac_action_clean_hcc_anchor_5seed\seed-3\A5\ackley\evaluation_record.txt,mi_arac_action_clean_hcc_anchor_5seed,A5,ackley,3,3001000,near_paper_3m_fe,7.872368e+04,7.85E4,2.35E1,0,2.236780e+02,0,offline_historical_hcc_main_vs_paper_reported
exp_004_hcc_main_historical_result_recovery,E:\HCC-main\HCC_SRC\result\mi_arac_action_clean_hcc_anchor_5seed\seed-3\A6\ackley\evaluation_record.txt,mi_arac_action_clean_hcc_anchor_5seed,A6,ackley,3,3001000,near_paper_3m_fe,7.864126e+04,7.80E4,7.06E0,0,6.412634e+02,0,offline_historical_hcc_main_vs_paper_reported
exp_004_hcc_main_historical_result_recovery,E:\HCC-main\HCC_SRC\result\mi_arac_action_clean_hcc_anchor_5seed\seed-3\E1\elliptic\evaluation_record.txt,mi_arac_action_clean_hcc_anchor_5seed,E1,elliptic,3,3000000,near_paper_3m_fe,5.769810e+05,2.84E6,2.35E5,1,-2.263019e+06,0,offline_historical_hcc_main_vs_paper_reported
exp_004_hcc_main_historical_result_recovery,E:\HCC-main\HCC_SRC\result\mi_arac_action_clean_hcc_anchor_5seed\seed-3\E2\elliptic\evaluation_record.txt,mi_arac_action_clean_hcc_anchor_5seed,E2,elliptic,3,3000000,near_paper_3m_fe,2.206362e+06,6.87E6,4.73E4,1,-4.663638e+06,0,offline_historical_hcc_main_vs_paper_reported
exp_004_hcc_main_historical_result_recovery,E:\HCC-main\HCC_SRC\result\mi_arac_action_clean_hcc_anchor_5seed\seed-3\E4\elliptic\evaluation_record.txt,mi_arac_action_clean_hcc_anchor_5seed,E4,elliptic,3,3000000,near_paper_3m_fe,2.517943e+07,2.26E7,3.04E5,0,2.579435e+06,0,offline_historical_hcc_main_vs_paper_reported
exp_004_hcc_main_historical_result_recovery,E:\HCC-main\HCC_SRC\result\mi_arac_action_clean_hcc_anchor_5seed\seed-4\A1\ackley\evaluation_record.txt,mi_arac_action_clean_hcc_anchor_5seed,A1,ackley,4,3001000,near_paper_3m_fe,7.865224e+04,7.76E4,1.25E1,0,1.052239e+03,0,offline_historical_hcc_main_vs_paper_reported
exp_004_hcc_main_historical_result_recovery,E:\HCC-main\HCC_SRC\result\mi_arac_action_clean_hcc_anchor_5seed\seed-4\A2\ackley\evaluation_record.txt,mi_arac_action_clean_hcc_anchor_5seed,A2,ackley,4,3001000,near_paper_3m_fe,7.854028e+04,7.81E4,9.78E0,0,4.402832e+02,0,offline_historical_hcc_main_vs_paper_reported
exp_004_hcc_main_historical_result_recovery,E:\HCC-main\HCC_SRC\result\mi_arac_action_clean_hcc_anchor_5seed\seed-4\A3\ackley\evaluation_record.txt,mi_arac_action_clean_hcc_anchor_5seed,A3,ackley,4,3001000,near_paper_3m_fe,7.836237e+04,7.86E4,2.09E1,1,-2.376350e+02,0,offline_historical_hcc_main_vs_paper_reported
exp_004_hcc_main_historical_result_recovery,E:\HCC-main\HCC_SRC\result\mi_arac_action_clean_hcc_anchor_5seed\seed-4\A4\ackley\evaluation_record.txt,mi_arac_action_clean_hcc_anchor_5seed,A4,ackley,4,3001000,near_paper_3m_fe,7.867803e+04,7.83E4,1.14E1,0,3.780335e+02,0,offline_historical_hcc_main_vs_paper_reported
exp_004_hcc_main_historical_result_recovery,E:\HCC-main\HCC_SRC\result\mi_arac_action_clean_hcc_anchor_5seed\seed-4\A5\ackley\evaluation_record.txt,mi_arac_action_clean_hcc_anchor_5seed,A5,ackley,4,3001000,near_paper_3m_fe,7.825517e+04,7.85E4,2.35E1,1,-2.448313e+02,0,offline_historical_hcc_main_vs_paper_reported
exp_004_hcc_main_historical_result_recovery,E:\HCC-main\HCC_SRC\result\mi_arac_action_clean_hcc_anchor_5seed\seed-4\A6\ackley\evaluation_record.txt,mi_arac_action_clean_hcc_anchor_5seed,A6,ackley,4,3001000,near_paper_3m_fe,7.882266e+04,7.80E4,7.06E0,0,8.226615e+02,0,offline_historical_hcc_main_vs_paper_reported
exp_004_hcc_main_historical_result_recovery,E:\HCC-main\HCC_SRC\result\mi_arac_action_clean_hcc_anchor_5seed\seed-4\E1\elliptic\evaluation_record.txt,mi_arac_action_clean_hcc_anchor_5seed,E1,elliptic,4,3000000,near_paper_3m_fe,2.672356e+05,2.84E6,2.35E5,1,-2.572764e+06,0,offline_historical_hcc_main_vs_paper_reported
exp_004_hcc_main_historical_result_recovery,E:\HCC-main\HCC_SRC\result\mi_arac_action_clean_hcc_anchor_5seed\seed-4\E2\elliptic\evaluation_record.txt,mi_arac_action_clean_hcc_anchor_5seed,E2,elliptic,4,3000000,near_paper_3m_fe,6.957548e+06,6.87E6,4.73E4,0,8.754803e+04,0,offline_historical_hcc_main_vs_paper_reported
exp_004_hcc_main_historical_result_recovery,E:\HCC-main\HCC_SRC\result\mi_arac_action_clean_hcc_anchor_5seed\seed-4\E3\elliptic\evaluation_record.txt,mi_arac_action_clean_hcc_anchor_5seed,E3,elliptic,4,3000000,near_paper_3m_fe,9.675348e+06,1.60E7,5.62E5,1,-6.324652e+06,0,offline_historical_hcc_main_vs_paper_reported
exp_004_hcc_main_historical_result_recovery,E:\HCC-main\HCC_SRC\result\mi_arac_action_clean_hcc_anchor_5seed\seed-5\A1\ackley\evaluation_record.txt,mi_arac_action_clean_hcc_anchor_5seed,A1,ackley,5,3001000,near_paper_3m_fe,7.868780e+04,7.76E4,1.25E1,0,1.087801e+03,0,offline_historical_hcc_main_vs_paper_reported
exp_004_hcc_main_historical_result_recovery,E:\HCC-main\HCC_SRC\result\mi_arac_action_clean_hcc_anchor_5seed\seed-5\A2\ackley\evaluation_record.txt,mi_arac_action_clean_hcc_anchor_5seed,A2,ackley,5,3001000,near_paper_3m_fe,7.870847e+04,7.81E4,9.78E0,0,6.084690e+02,0,offline_historical_hcc_main_vs_paper_reported
exp_004_hcc_main_historical_result_recovery,E:\HCC-main\HCC_SRC\result\mi_arac_action_clean_hcc_anchor_5seed\seed-5\A3\ackley\evaluation_record.txt,mi_arac_action_clean_hcc_anchor_5seed,A3,ackley,5,3001000,near_paper_3m_fe,7.869242e+04,7.86E4,2.09E1,0,9.241738e+01,0,offline_historical_hcc_main_vs_paper_reported
exp_004_hcc_main_historical_result_recovery,E:\HCC-main\HCC_SRC\result\mi_arac_action_clean_hcc_anchor_5seed\seed-5\A4\ackley\evaluation_record.txt,mi_arac_action_clean_hcc_anchor_5seed,A4,ackley,5,3001000,near_paper_3m_fe,7.876676e+04,7.83E4,1.14E1,0,4.667640e+02,0,offline_historical_hcc_main_vs_paper_reported
exp_004_hcc_main_historical_result_recovery,E:\HCC-main\HCC_SRC\result\mi_arac_action_clean_hcc_anchor_5seed\seed-5\A5\ackley\evaluation_record.txt,mi_arac_action_clean_hcc_anchor_5seed,A5,ackley,5,3001000,near_paper_3m_fe,7.873026e+04,7.85E4,2.35E1,0,2.302580e+02,0,offline_historical_hcc_main_vs_paper_reported
exp_004_hcc_main_historical_result_recovery,E:\HCC-main\HCC_SRC\result\mi_arac_action_clean_hcc_anchor_5seed\seed-5\A6\ackley\evaluation_record.txt,mi_arac_action_clean_hcc_anchor_5seed,A6,ackley,5,3001000,near_paper_3m_fe,7.908550e+04,7.80E4,7.06E0,0,1.085504e+03,0,offline_historical_hcc_main_vs_paper_reported
exp_004_hcc_main_historical_result_recovery,E:\HCC-main\HCC_SRC\result\mi_arac_action_clean_hcc_anchor_5seed\seed-5\E2\elliptic\evaluation_record.txt,mi_arac_action_clean_hcc_anchor_5seed,E2,elliptic,5,3000000,near_paper_3m_fe,3.601300e+06,6.87E6,4.73E4,1,-3.268700e+06,0,offline_historical_hcc_main_vs_paper_reported
exp_004_hcc_main_historical_result_recovery,E:\HCC-main\HCC_SRC\result\mi_arac_action_m179_route_a_s_family_low_risk_same_budget_smoke_run\m179_route_a_s_family_low_risk_same_budget_smoke_tfes3000000\S2\no_action_baseline\559c387d970ea6709068891acda19aa47f4287bdd62d656171c6d9cbc8eb0a5d\S2\schwefel\evaluation_record.txt,mi_arac_action_m179_route_a_s_family_low_risk_same_budget_smoke_run,S2,schwefel,,2700000,non_3m_fe,2.258018e+04,5.58E3,3.21E1,0,1.700018e+04,0,offline_historical_hcc_main_vs_paper_reported
exp_004_hcc_main_historical_result_recovery,E:\HCC-main\HCC_SRC\result\mi_arac_action_m179_route_a_s_family_low_risk_same_budget_smoke_run\m179_route_a_s_family_low_risk_same_budget_smoke_tfes3000000\S2\no_action_baseline\edaa17699f278466a413a3ce8084fa98c740153b666a6c7e9d5da2803ef8d288\S2\schwefel\evaluation_record.txt,mi_arac_action_m179_route_a_s_family_low_risk_same_budget_smoke_run,S2,schwefel,,2700000,non_3m_fe,2.258018e+04,5.58E3,3.21E1,0,1.700018e+04,0,offline_historical_hcc_main_vs_paper_reported
exp_004_hcc_main_historical_result_recovery,E:\HCC-main\HCC_SRC\result\mi_arac_action_m179_route_a_s_family_low_risk_same_budget_smoke_run\m179_route_a_s_family_low_risk_same_budget_smoke_tfes3000000\S2\route_a_m177_repaired_heterogeneous\4f796679805d58dfea001dd63c76ea41bf4165ae928cef54674376b040c99ca5\S2\schwefel\evaluation_record.txt,mi_arac_action_m179_route_a_s_family_low_risk_same_budget_smoke_run,S2,schwefel,,2700000,non_3m_fe,2.258018e+04,5.58E3,3.21E1,0,1.700018e+04,0,offline_historical_hcc_main_vs_paper_reported
exp_004_hcc_main_historical_result_recovery,E:\HCC-main\HCC_SRC\result\mi_arac_action_m179_route_a_s_family_low_risk_same_budget_smoke_run\m179_route_a_s_family_low_risk_same_budget_smoke_tfes3000000\S2\route_a_m177_repaired_heterogeneous\5abd2b079fc5f0f09b4690c3a88da0d609617bfa3b203e43d83b9a963a2a07f6\S2\schwefel\evaluation_record.txt,mi_arac_action_m179_route_a_s_family_low_risk_same_budget_smoke_run,S2,schwefel,,2700000,non_3m_fe,2.258018e+04,5.58E3,3.21E1,0,1.700018e+04,0,offline_historical_hcc_main_vs_paper_reported
exp_004_hcc_main_historical_result_recovery,E:\HCC-main\HCC_SRC\result\mi_arac_action_m179_route_a_s_family_low_risk_same_budget_smoke_run\m179_route_a_s_family_low_risk_same_budget_smoke_tfes3000000\S3\no_action_baseline\5eadaf4f308a289de750762084dd12dc37fb1fdb3a087bbecd8e698641d51b9d\S3\schwefel\evaluation_record.txt,mi_arac_action_m179_route_a_s_family_low_risk_same_budget_smoke_run,S3,schwefel,,2700000,non_3m_fe,7.769275e+03,9.72E3,4.75E1,1,-1.950725e+03,0,offline_historical_hcc_main_vs_paper_reported
exp_004_hcc_main_historical_result_recovery,E:\HCC-main\HCC_SRC\result\mi_arac_action_m179_route_a_s_family_low_risk_same_budget_smoke_run\m179_route_a_s_family_low_risk_same_budget_smoke_tfes3000000\S4\no_action_baseline\2e2b13219b0f47069ec77aab8af0510202589299242c46c36c1943a9704b153c\S4\schwefel\evaluation_record.txt,mi_arac_action_m179_route_a_s_family_low_risk_same_budget_smoke_run,S4,schwefel,,2700000,non_3m_fe,1.331804e+05,1.24E3,5.31E1,0,1.319404e+05,0,offline_historical_hcc_main_vs_paper_reported
exp_004_hcc_main_historical_result_recovery,E:\HCC-main\HCC_SRC\result\mi_arac_action_m186_route_a_action_utility_margin_low_risk_same_budget_smoke_run\m186_route_a_action_utility_margin_low_risk_same_budget_smoke_tfes3000000\S2\no_action_baseline\535b6e6870ad6b4249db347c1376f8b714997e9774decb472a82164cef9e537e\S2\schwefel\evaluation_record.txt,mi_arac_action_m186_route_a_action_utility_margin_low_risk_same_budget_smoke_run,S2,schwefel,,2700000,non_3m_fe,2.258018e+04,5.58E3,3.21E1,0,1.700018e+04,0,offline_historical_hcc_main_vs_paper_reported
exp_004_hcc_main_historical_result_recovery,E:\HCC-main\HCC_SRC\result\mi_arac_action_m186_route_a_action_utility_margin_low_risk_same_budget_smoke_run\m186_route_a_action_utility_margin_low_risk_same_budget_smoke_tfes3000000\S2\route_a_m184_repaired_heterogeneous\c8a1af281d92c27474bf40d3cd49fb7414021420bba08954957943e75fc829fa\S2\schwefel\evaluation_record.txt,mi_arac_action_m186_route_a_action_utility_margin_low_risk_same_budget_smoke_run,S2,schwefel,,2700000,non_3m_fe,2.258018e+04,5.58E3,3.21E1,0,1.700018e+04,0,offline_historical_hcc_main_vs_paper_reported
exp_004_hcc_main_historical_result_recovery,E:\HCC-main\HCC_SRC\result\mi_arac_action_m186_route_a_action_utility_margin_low_risk_same_budget_smoke_run\m186_route_a_action_utility_margin_low_risk_same_budget_smoke_tfes3000000\S2\shuffled_random_negative_control\5dc6f3099042a8443c5c256ad974471e76ce6d8b89cce2e59c8fb006a1dbac1e\S2\schwefel\evaluation_record.txt,mi_arac_action_m186_route_a_action_utility_margin_low_risk_same_budget_smoke_run,S2,schwefel,,2700000,non_3m_fe,2.258018e+04,5.58E3,3.21E1,0,1.700018e+04,0,offline_historical_hcc_main_vs_paper_reported
exp_004_hcc_main_historical_result_recovery,E:\HCC-main\HCC_SRC\result\mi_arac_action_m186_route_a_action_utility_margin_low_risk_same_budget_smoke_run\m186_route_a_action_utility_margin_low_risk_same_budget_smoke_tfes3000000\S3\no_action_baseline\598ef53a5d65d6bcaef3846f2b0dfd18ad6b5984e5b3893b63c30f880a830deb\S3\schwefel\evaluation_record.txt,mi_arac_action_m186_route_a_action_utility_margin_low_risk_same_budget_smoke_run,S3,schwefel,,2700000,non_3m_fe,7.769275e+03,9.72E3,4.75E1,1,-1.950725e+03,0,offline_historical_hcc_main_vs_paper_reported
exp_004_hcc_main_historical_result_recovery,E:\HCC-main\HCC_SRC\result\mi_arac_action_m186_route_a_action_utility_margin_low_risk_same_budget_smoke_run\m186_route_a_action_utility_margin_low_risk_same_budget_smoke_tfes3000000\S3\route_a_m184_repaired_heterogeneous\1aa0e304c299548fbf547f574d8e6e25450935b39b358bd92545643f9d091cb4\S3\schwefel\evaluation_record.txt,mi_arac_action_m186_route_a_action_utility_margin_low_risk_same_budget_smoke_run,S3,schwefel,,2700000,non_3m_fe,7.769275e+03,9.72E3,4.75E1,1,-1.950725e+03,0,offline_historical_hcc_main_vs_paper_reported
exp_004_hcc_main_historical_result_recovery,E:\HCC-main\HCC_SRC\result\mi_arac_action_m186_route_a_action_utility_margin_low_risk_same_budget_smoke_run\m186_route_a_action_utility_margin_low_risk_same_budget_smoke_tfes3000000\S3\shuffled_random_negative_control\de4d06ac8cd4d33c3183b34f284abea11443e63793e46e7df04c4d3d10d44338\S3\schwefel\evaluation_record.txt,mi_arac_action_m186_route_a_action_utility_margin_low_risk_same_budget_smoke_run,S3,schwefel,,2700000,non_3m_fe,7.769275e+03,9.72E3,4.75E1,1,-1.950725e+03,0,offline_historical_hcc_main_vs_paper_reported
exp_004_hcc_main_historical_result_recovery,E:\HCC-main\HCC_SRC\result\mi_arac_action_m186_route_a_action_utility_margin_low_risk_same_budget_smoke_run\m186_route_a_action_utility_margin_low_risk_same_budget_smoke_tfes3000000\S4\no_action_baseline\54c1a3680e5212dae85d3baeddd14f894ed774865e16ca0e67ae8c93f014f890\S4\schwefel\evaluation_record.txt,mi_arac_action_m186_route_a_action_utility_margin_low_risk_same_budget_smoke_run,S4,schwefel,,2700000,non_3m_fe,1.331804e+05,1.24E3,5.31E1,0,1.319404e+05,0,offline_historical_hcc_main_vs_paper_reported
exp_004_hcc_main_historical_result_recovery,E:\HCC-main\HCC_SRC\result\mi_arac_action_m186_route_a_action_utility_margin_low_risk_same_budget_smoke_run\m186_route_a_action_utility_margin_low_risk_same_budget_smoke_tfes3000000\S4\route_a_m184_repaired_heterogeneous\a2437faf573042cc386d51eac9058256292479a611b309fcafac0abf82c4f7cd\S4\schwefel\evaluation_record.txt,mi_arac_action_m186_route_a_action_utility_margin_low_risk_same_budget_smoke_run,S4,schwefel,,2700000,non_3m_fe,1.331804e+05,1.24E3,5.31E1,0,1.319404e+05,0,offline_historical_hcc_main_vs_paper_reported
exp_004_hcc_main_historical_result_recovery,E:\HCC-main\HCC_SRC\result\mi_arac_action_prefix01_dispatch_phaseii_policy\tfes-2969000\A1\ackley\evaluation_record.txt,mi_arac_action_prefix01_dispatch_phaseii_policy,A1,ackley,,2970000,near_paper_3m_fe,7.870333e+04,7.76E4,1.25E1,0,1.103331e+03,0,offline_historical_hcc_main_vs_paper_reported
exp_004_hcc_main_historical_result_recovery,E:\HCC-main\HCC_SRC\result\mi_arac_action_prefix01_dispatch_phaseii_policy\tfes-2969000\A2\ackley\evaluation_record.txt,mi_arac_action_prefix01_dispatch_phaseii_policy,A2,ackley,,2970000,near_paper_3m_fe,7.872275e+04,7.81E4,9.78E0,0,6.227509e+02,0,offline_historical_hcc_main_vs_paper_reported
exp_004_hcc_main_historical_result_recovery,E:\HCC-main\HCC_SRC\result\mi_arac_action_prefix01_dispatch_phaseii_policy\tfes-2969000\A3\ackley\evaluation_record.txt,mi_arac_action_prefix01_dispatch_phaseii_policy,A3,ackley,,2970000,near_paper_3m_fe,7.861455e+04,7.86E4,2.09E1,0,1.455019e+01,0,offline_historical_hcc_main_vs_paper_reported
exp_004_hcc_main_historical_result_recovery,E:\HCC-main\HCC_SRC\result\mi_arac_action_prefix01_dispatch_phaseii_policy\tfes-2969000\A4\ackley\evaluation_record.txt,mi_arac_action_prefix01_dispatch_phaseii_policy,A4,ackley,,2970000,near_paper_3m_fe,7.883191e+04,7.83E4,1.14E1,0,5.319146e+02,0,offline_historical_hcc_main_vs_paper_reported
exp_004_hcc_main_historical_result_recovery,E:\HCC-main\HCC_SRC\result\mi_arac_action_prefix01_dispatch_phaseii_policy\tfes-2969000\A5\ackley\evaluation_record.txt,mi_arac_action_prefix01_dispatch_phaseii_policy,A5,ackley,,2970000,near_paper_3m_fe,7.856521e+04,7.85E4,2.35E1,0,6.520903e+01,0,offline_historical_hcc_main_vs_paper_reported
exp_004_hcc_main_historical_result_recovery,E:\HCC-main\HCC_SRC\result\mi_arac_action_prefix01_dispatch_phaseii_policy\tfes-2969000\A6\ackley\evaluation_record.txt,mi_arac_action_prefix01_dispatch_phaseii_policy,A6,ackley,,2970000,near_paper_3m_fe,7.946173e+04,7.80E4,7.06E0,0,1.461731e+03,0,offline_historical_hcc_main_vs_paper_reported
exp_004_hcc_main_historical_result_recovery,E:\HCC-main\HCC_SRC\result\mi_arac_action_prefix01_dispatch_phaseii_policy\tfes-2969000\R1\rastrigin\evaluation_record.txt,mi_arac_action_prefix01_dispatch_phaseii_policy,R1,rastrigin,,2969000,near_paper_3m_fe,1.375844e+05,1.74E5,8.13E3,1,-3.641562e+04,0,offline_historical_hcc_main_vs_paper_reported
exp_004_hcc_main_historical_result_recovery,E:\HCC-main\HCC_SRC\result\mi_arac_action_prefix01_dispatch_phaseii_policy\tfes-2969000\R2\rastrigin\evaluation_record.txt,mi_arac_action_prefix01_dispatch_phaseii_policy,R2,rastrigin,,2969000,near_paper_3m_fe,2.675367e+05,3.72E5,5.27E3,1,-1.044633e+05,0,offline_historical_hcc_main_vs_paper_reported
exp_004_hcc_main_historical_result_recovery,E:\HCC-main\HCC_SRC\result\mi_arac_action_prefix01_dispatch_phaseii_policy\tfes-2969000\S2\schwefel\evaluation_record.txt,mi_arac_action_prefix01_dispatch_phaseii_policy,S2,schwefel,,2969000,near_paper_3m_fe,2.322058e+05,5.58E3,3.21E1,0,2.266258e+05,0,offline_historical_hcc_main_vs_paper_reported
exp_004_hcc_main_historical_result_recovery,E:\HCC-main\HCC_SRC\result\mi_arac_action_prefix01_dispatch_phaseii_policy\tfes-2970000\A1\ackley\evaluation_record.txt,mi_arac_action_prefix01_dispatch_phaseii_policy,A1,ackley,,2971000,near_paper_3m_fe,7.870333e+04,7.76E4,1.25E1,0,1.103331e+03,0,offline_historical_hcc_main_vs_paper_reported
exp_004_hcc_main_historical_result_recovery,E:\HCC-main\HCC_SRC\result\mi_arac_action_prefix01_dispatch_phaseii_policy\tfes-2970000\A2\ackley\evaluation_record.txt,mi_arac_action_prefix01_dispatch_phaseii_policy,A2,ackley,,2971000,near_paper_3m_fe,7.875458e+04,7.81E4,9.78E0,0,6.545850e+02,0,offline_historical_hcc_main_vs_paper_reported
exp_004_hcc_main_historical_result_recovery,E:\HCC-main\HCC_SRC\result\mi_arac_action_prefix01_dispatch_phaseii_policy\tfes-2970000\A3\ackley\evaluation_record.txt,mi_arac_action_prefix01_dispatch_phaseii_policy,A3,ackley,,2971000,near_paper_3m_fe,7.883862e+04,7.86E4,2.09E1,0,2.386175e+02,0,offline_historical_hcc_main_vs_paper_reported
exp_004_hcc_main_historical_result_recovery,E:\HCC-main\HCC_SRC\result\mi_arac_action_prefix01_dispatch_phaseii_policy\tfes-2970000\A4\ackley\evaluation_record.txt,mi_arac_action_prefix01_dispatch_phaseii_policy,A4,ackley,,2971000,near_paper_3m_fe,7.866366e+04,7.83E4,1.14E1,0,3.636631e+02,0,offline_historical_hcc_main_vs_paper_reported
exp_004_hcc_main_historical_result_recovery,E:\HCC-main\HCC_SRC\result\mi_arac_action_prefix01_dispatch_phaseii_policy\tfes-2970000\A5\ackley\evaluation_record.txt,mi_arac_action_prefix01_dispatch_phaseii_policy,A5,ackley,,2971000,near_paper_3m_fe,7.871994e+04,7.85E4,2.35E1,0,2.199430e+02,0,offline_historical_hcc_main_vs_paper_reported
exp_004_hcc_main_historical_result_recovery,E:\HCC-main\HCC_SRC\result\mi_arac_action_prefix01_dispatch_phaseii_policy\tfes-2970000\A6\ackley\evaluation_record.txt,mi_arac_action_prefix01_dispatch_phaseii_policy,A6,ackley,,2971000,near_paper_3m_fe,7.950086e+04,7.80E4,7.06E0,0,1.500856e+03,0,offline_historical_hcc_main_vs_paper_reported
exp_004_hcc_main_historical_result_recovery,E:\HCC-main\HCC_SRC\result\mi_arac_action_prefix01_dispatch_phaseii_policy\tfes-2970000\E1\elliptic\evaluation_record.txt,mi_arac_action_prefix01_dispatch_phaseii_policy,E1,elliptic,,2970000,near_paper_3m_fe,4.083458e+05,2.84E6,2.35E5,1,-2.431654e+06,0,offline_historical_hcc_main_vs_paper_reported
exp_004_hcc_main_historical_result_recovery,E:\HCC-main\HCC_SRC\result\mi_arac_action_prefix01_dispatch_phaseii_policy\tfes-2970000\E2\elliptic\evaluation_record.txt,mi_arac_action_prefix01_dispatch_phaseii_policy,E2,elliptic,,2970000,near_paper_3m_fe,3.401617e+06,6.87E6,4.73E4,1,-3.468383e+06,0,offline_historical_hcc_main_vs_paper_reported
exp_004_hcc_main_historical_result_recovery,E:\HCC-main\HCC_SRC\result\mi_arac_action_prefix01_dispatch_phaseii_policy\tfes-2970000\E3\elliptic\evaluation_record.txt,mi_arac_action_prefix01_dispatch_phaseii_policy,E3,elliptic,,2970000,near_paper_3m_fe,1.287623e+07,1.60E7,5.62E5,1,-3.123769e+06,0,offline_historical_hcc_main_vs_paper_reported
exp_004_hcc_main_historical_result_recovery,E:\HCC-main\HCC_SRC\result\mi_arac_action_prefix01_dispatch_phaseii_policy\tfes-2970000\E4\elliptic\evaluation_record.txt,mi_arac_action_prefix01_dispatch_phaseii_policy,E4,elliptic,,2970000,near_paper_3m_fe,2.029515e+07,2.26E7,3.04E5,1,-2.304853e+06,0,offline_historical_hcc_main_vs_paper_reported
exp_004_hcc_main_historical_result_recovery,E:\HCC-main\HCC_SRC\result\mi_arac_action_prefix01_dispatch_phaseii_policy\tfes-2970000\E5\elliptic\evaluation_record.txt,mi_arac_action_prefix01_dispatch_phaseii_policy,E5,elliptic,,2970000,near_paper_3m_fe,1.684334e+07,7.76E6,2.13E5,0,9.083341e+06,0,offline_historical_hcc_main_vs_paper_reported
exp_004_hcc_main_historical_result_recovery,E:\HCC-main\HCC_SRC\result\mi_arac_action_prefix01_dispatch_phaseii_policy\tfes-2970000\R1\rastrigin\evaluation_record.txt,mi_arac_action_prefix01_dispatch_phaseii_policy,R1,rastrigin,,2971000,near_paper_3m_fe,1.375464e+05,1.74E5,8.13E3,1,-3.645363e+04,0,offline_historical_hcc_main_vs_paper_reported
exp_004_hcc_main_historical_result_recovery,E:\HCC-main\HCC_SRC\result\mi_arac_action_prefix01_dispatch_phaseii_policy\tfes-2970000\R2\rastrigin\evaluation_record.txt,mi_arac_action_prefix01_dispatch_phaseii_policy,R2,rastrigin,,2971000,near_paper_3m_fe,1.953551e+05,3.72E5,5.27E3,1,-1.766449e+05,0,offline_historical_hcc_main_vs_paper_reported
exp_004_hcc_main_historical_result_recovery,E:\HCC-main\HCC_SRC\result\mi_arac_action_prefix01_dispatch_phaseii_policy\tfes-2970000\R3\rastrigin\evaluation_record.txt,mi_arac_action_prefix01_dispatch_phaseii_policy,R3,rastrigin,,2970000,near_paper_3m_fe,5.793298e+05,5.06E5,7.26E3,0,7.332980e+04,0,offline_historical_hcc_main_vs_paper_reported
exp_004_hcc_main_historical_result_recovery,E:\HCC-main\HCC_SRC\result\mi_arac_action_prefix01_dispatch_phaseii_policy\tfes-2970000\R5\rastrigin\evaluation_record.txt,mi_arac_action_prefix01_dispatch_phaseii_policy,R5,rastrigin,,2970000,near_paper_3m_fe,1.013741e+06,6.84E5,5.76E3,0,3.297409e+05,0,offline_historical_hcc_main_vs_paper_reported
exp_004_hcc_main_historical_result_recovery,E:\HCC-main\HCC_SRC\result\mi_arac_action_prefix01_dispatch_phaseii_policy\tfes-2970000\R6\rastrigin\evaluation_record.txt,mi_arac_action_prefix01_dispatch_phaseii_policy,R6,rastrigin,,2970000,near_paper_3m_fe,1.003215e+06,8.15E5,2.30E4,0,1.882151e+05,0,offline_historical_hcc_main_vs_paper_reported
exp_004_hcc_main_historical_result_recovery,E:\HCC-main\HCC_SRC\result\mi_arac_action_prefix01_dispatch_phaseii_policy\tfes-2970000\S1\schwefel\evaluation_record.txt,mi_arac_action_prefix01_dispatch_phaseii_policy,S1,schwefel,,2970000,near_paper_3m_fe,3.170804e+01,1.92E-3,3.82E-4,0,3.170612e+01,0,offline_historical_hcc_main_vs_paper_reported
exp_004_hcc_main_historical_result_recovery,E:\HCC-main\HCC_SRC\result\mi_arac_action_prefix01_dispatch_phaseii_policy\tfes-2970000\S2\schwefel\evaluation_record.txt,mi_arac_action_prefix01_dispatch_phaseii_policy,S2,schwefel,,2971000,near_paper_3m_fe,8.128161e+04,5.58E3,3.21E1,0,7.570161e+04,0,offline_historical_hcc_main_vs_paper_reported
exp_004_hcc_main_historical_result_recovery,E:\HCC-main\HCC_SRC\result\mi_arac_action_prefix01_dispatch_phaseii_policy\tfes-2970000\S3\schwefel\evaluation_record.txt,mi_arac_action_prefix01_dispatch_phaseii_policy,S3,schwefel,,2970000,near_paper_3m_fe,1.356188e+05,9.72E3,4.75E1,0,1.258988e+05,0,offline_historical_hcc_main_vs_paper_reported
exp_004_hcc_main_historical_result_recovery,E:\HCC-main\HCC_SRC\result\mi_arac_action_prefix05_dispatch_phaseii_policy\tfes-2849000\A1\ackley\evaluation_record.txt,mi_arac_action_prefix05_dispatch_phaseii_policy,A1,ackley,,2850000,non_3m_fe,7.870333e+04,7.76E4,1.25E1,0,1.103331e+03,0,offline_historical_hcc_main_vs_paper_reported
exp_004_hcc_main_historical_result_recovery,E:\HCC-main\HCC_SRC\result\mi_arac_action_prefix05_dispatch_phaseii_policy\tfes-2849000\A2\ackley\evaluation_record.txt,mi_arac_action_prefix05_dispatch_phaseii_policy,A2,ackley,,2850000,non_3m_fe,7.876486e+04,7.81E4,9.78E0,0,6.648586e+02,0,offline_historical_hcc_main_vs_paper_reported
exp_004_hcc_main_historical_result_recovery,E:\HCC-main\HCC_SRC\result\mi_arac_action_prefix05_dispatch_phaseii_policy\tfes-2849000\A3\ackley\evaluation_record.txt,mi_arac_action_prefix05_dispatch_phaseii_policy,A3,ackley,,2850000,non_3m_fe,7.856189e+04,7.86E4,2.09E1,1,-3.811057e+01,0,offline_historical_hcc_main_vs_paper_reported
exp_004_hcc_main_historical_result_recovery,E:\HCC-main\HCC_SRC\result\mi_arac_action_prefix05_dispatch_phaseii_policy\tfes-2849000\R1\rastrigin\evaluation_record.txt,mi_arac_action_prefix05_dispatch_phaseii_policy,R1,rastrigin,,2850000,non_3m_fe,1.443758e+05,1.74E5,8.13E3,1,-2.962425e+04,0,offline_historical_hcc_main_vs_paper_reported
exp_004_hcc_main_historical_result_recovery,E:\HCC-main\HCC_SRC\result\mi_arac_action_prefix05_dispatch_phaseii_policy\tfes-2849000\R2\rastrigin\evaluation_record.txt,mi_arac_action_prefix05_dispatch_phaseii_policy,R2,rastrigin,,2850000,non_3m_fe,2.680402e+05,3.72E5,5.27E3,1,-1.039598e+05,0,offline_historical_hcc_main_vs_paper_reported
exp_004_hcc_main_historical_result_recovery,E:\HCC-main\HCC_SRC\result\mi_arac_action_prefix05_dispatch_phaseii_policy\tfes-2849000\R3\rastrigin\evaluation_record.txt,mi_arac_action_prefix05_dispatch_phaseii_policy,R3,rastrigin,,2850000,non_3m_fe,4.769051e+05,5.06E5,7.26E3,1,-2.909487e+04,0,offline_historical_hcc_main_vs_paper_reported
exp_004_hcc_main_historical_result_recovery,E:\HCC-main\HCC_SRC\result\mi_arac_action_prefix05_dispatch_phaseii_policy\tfes-2849000\S1\schwefel\evaluation_record.txt,mi_arac_action_prefix05_dispatch_phaseii_policy,S1,schwefel,,2849000,non_3m_fe,7.544750e+01,1.92E-3,3.82E-4,0,7.544558e+01,0,offline_historical_hcc_main_vs_paper_reported
exp_004_hcc_main_historical_result_recovery,E:\HCC-main\HCC_SRC\result\mi_arac_action_prefix05_dispatch_phaseii_policy\tfes-2850000\A1\ackley\evaluation_record.txt,mi_arac_action_prefix05_dispatch_phaseii_policy,A1,ackley,,2851000,non_3m_fe,7.870333e+04,7.76E4,1.25E1,0,1.103331e+03,0,offline_historical_hcc_main_vs_paper_reported
exp_004_hcc_main_historical_result_recovery,E:\HCC-main\HCC_SRC\result\mi_arac_action_prefix05_dispatch_phaseii_policy\tfes-2850000\A2\ackley\evaluation_record.txt,mi_arac_action_prefix05_dispatch_phaseii_policy,A2,ackley,,2851000,non_3m_fe,7.863792e+04,7.81E4,9.78E0,0,5.379240e+02,0,offline_historical_hcc_main_vs_paper_reported
exp_004_hcc_main_historical_result_recovery,E:\HCC-main\HCC_SRC\result\mi_arac_action_prefix05_dispatch_phaseii_policy\tfes-2850000\A3\ackley\evaluation_record.txt,mi_arac_action_prefix05_dispatch_phaseii_policy,A3,ackley,,2851000,non_3m_fe,7.883233e+04,7.86E4,2.09E1,0,2.323296e+02,0,offline_historical_hcc_main_vs_paper_reported
exp_004_hcc_main_historical_result_recovery,E:\HCC-main\HCC_SRC\result\mi_arac_action_prefix05_dispatch_phaseii_policy\tfes-2850000\E1\elliptic\evaluation_record.txt,mi_arac_action_prefix05_dispatch_phaseii_policy,E1,elliptic,,2850000,non_3m_fe,6.693059e+05,2.84E6,2.35E5,1,-2.170694e+06,0,offline_historical_hcc_main_vs_paper_reported
exp_004_hcc_main_historical_result_recovery,E:\HCC-main\HCC_SRC\result\mi_arac_action_prefix05_dispatch_phaseii_policy\tfes-2850000\E2\elliptic\evaluation_record.txt,mi_arac_action_prefix05_dispatch_phaseii_policy,E2,elliptic,,2850000,non_3m_fe,4.762845e+06,6.87E6,4.73E4,1,-2.107155e+06,0,offline_historical_hcc_main_vs_paper_reported
exp_004_hcc_main_historical_result_recovery,E:\HCC-main\HCC_SRC\result\mi_arac_action_prefix05_dispatch_phaseii_policy\tfes-2850000\E3\elliptic\evaluation_record.txt,mi_arac_action_prefix05_dispatch_phaseii_policy,E3,elliptic,,2850000,non_3m_fe,1.192582e+07,1.60E7,5.62E5,1,-4.074180e+06,0,offline_historical_hcc_main_vs_paper_reported
exp_004_hcc_main_historical_result_recovery,E:\HCC-main\HCC_SRC\result\mi_arac_action_prefix05_dispatch_phaseii_policy\tfes-2850000\E5\elliptic\evaluation_record.txt,mi_arac_action_prefix05_dispatch_phaseii_policy,E5,elliptic,,2850000,non_3m_fe,1.632062e+07,7.76E6,2.13E5,0,8.560618e+06,0,offline_historical_hcc_main_vs_paper_reported
exp_004_hcc_main_historical_result_recovery,E:\HCC-main\HCC_SRC\result\mi_arac_action_prefix05_dispatch_phaseii_policy\tfes-2850000\R1\rastrigin\evaluation_record.txt,mi_arac_action_prefix05_dispatch_phaseii_policy,R1,rastrigin,,2851000,non_3m_fe,1.443753e+05,1.74E5,8.13E3,1,-2.962474e+04,0,offline_historical_hcc_main_vs_paper_reported
exp_004_hcc_main_historical_result_recovery,E:\HCC-main\HCC_SRC\result\mi_arac_action_prefix05_dispatch_phaseii_policy\tfes-2850000\R2\rastrigin\evaluation_record.txt,mi_arac_action_prefix05_dispatch_phaseii_policy,R2,rastrigin,,2851000,non_3m_fe,2.502749e+05,3.72E5,5.27E3,1,-1.217251e+05,0,offline_historical_hcc_main_vs_paper_reported
exp_004_hcc_main_historical_result_recovery,E:\HCC-main\HCC_SRC\result\mi_arac_action_prefix05_dispatch_phaseii_policy\tfes-2850000\R3\rastrigin\evaluation_record.txt,mi_arac_action_prefix05_dispatch_phaseii_policy,R3,rastrigin,,2851000,non_3m_fe,5.263994e+05,5.06E5,7.26E3,0,2.039935e+04,0,offline_historical_hcc_main_vs_paper_reported
exp_004_hcc_main_historical_result_recovery,E:\HCC-main\HCC_SRC\result\mi_arac_action_prefix05_dispatch_phaseii_policy\tfes-2850000\R5\rastrigin\evaluation_record.txt,mi_arac_action_prefix05_dispatch_phaseii_policy,R5,rastrigin,,2850000,non_3m_fe,9.793070e+05,6.84E5,5.76E3,0,2.953070e+05,0,offline_historical_hcc_main_vs_paper_reported
exp_004_hcc_main_historical_result_recovery,E:\HCC-main\HCC_SRC\result\mi_arac_action_prefix05_dispatch_phaseii_policy\tfes-2850000\R6\rastrigin\evaluation_record.txt,mi_arac_action_prefix05_dispatch_phaseii_policy,R6,rastrigin,,2850000,non_3m_fe,1.170540e+06,8.15E5,2.30E4,0,3.555402e+05,0,offline_historical_hcc_main_vs_paper_reported
exp_004_hcc_main_historical_result_recovery,E:\HCC-main\HCC_SRC\result\mi_arac_action_prefix05_dispatch_phaseii_policy\tfes-2850000\S1\schwefel\evaluation_record.txt,mi_arac_action_prefix05_dispatch_phaseii_policy,S1,schwefel,,2851000,non_3m_fe,7.481642e+01,1.92E-3,3.82E-4,0,7.481450e+01,0,offline_historical_hcc_main_vs_paper_reported
exp_004_hcc_main_historical_result_recovery,E:\HCC-main\HCC_SRC\result\mi_arac_action_prefix05_dispatch_phaseii_policy\tfes-2850000\S2\schwefel\evaluation_record.txt,mi_arac_action_prefix05_dispatch_phaseii_policy,S2,schwefel,,2850000,non_3m_fe,6.072989e+03,5.58E3,3.21E1,0,4.929888e+02,0,offline_historical_hcc_main_vs_paper_reported
exp_004_hcc_main_historical_result_recovery,E:\HCC-main\HCC_SRC\result\mi_arac_action_prefix05_dispatch_phaseii_policy\tfes-2850000\S3\schwefel\evaluation_record.txt,mi_arac_action_prefix05_dispatch_phaseii_policy,S3,schwefel,,2850000,non_3m_fe,1.298940e+05,9.72E3,4.75E1,0,1.201740e+05,0,offline_historical_hcc_main_vs_paper_reported
exp_004_hcc_main_historical_result_recovery,E:\HCC-main\HCC_SRC\result\mi_arac_action_prefix10_dispatch_phaseii_policy\tfes-2699000\A1\ackley\evaluation_record.txt,mi_arac_action_prefix10_dispatch_phaseii_policy,A1,ackley,,2700000,non_3m_fe,7.870333e+04,7.76E4,1.25E1,0,1.103331e+03,0,offline_historical_hcc_main_vs_paper_reported
exp_004_hcc_main_historical_result_recovery,E:\HCC-main\HCC_SRC\result\mi_arac_action_prefix10_dispatch_phaseii_policy\tfes-2699000\A2\ackley\evaluation_record.txt,mi_arac_action_prefix10_dispatch_phaseii_policy,A2,ackley,,2700000,non_3m_fe,7.863633e+04,7.81E4,9.78E0,0,5.363319e+02,0,offline_historical_hcc_main_vs_paper_reported
exp_004_hcc_main_historical_result_recovery,E:\HCC-main\HCC_SRC\result\mi_arac_action_prefix10_dispatch_phaseii_policy\tfes-2699000\R1\rastrigin\evaluation_record.txt,mi_arac_action_prefix10_dispatch_phaseii_policy,R1,rastrigin,,2700000,non_3m_fe,1.444085e+05,1.74E5,8.13E3,1,-2.959146e+04,0,offline_historical_hcc_main_vs_paper_reported
exp_004_hcc_main_historical_result_recovery,E:\HCC-main\HCC_SRC\result\mi_arac_action_prefix10_dispatch_phaseii_policy\tfes-2700000\A1\ackley\evaluation_record.txt,mi_arac_action_prefix10_dispatch_phaseii_policy,A1,ackley,,2701000,non_3m_fe,7.870333e+04,7.76E4,1.25E1,0,1.103331e+03,0,offline_historical_hcc_main_vs_paper_reported
exp_004_hcc_main_historical_result_recovery,E:\HCC-main\HCC_SRC\result\mi_arac_action_prefix10_dispatch_phaseii_policy\tfes-2700000\A2\ackley\evaluation_record.txt,mi_arac_action_prefix10_dispatch_phaseii_policy,A2,ackley,,2701000,non_3m_fe,7.871127e+04,7.81E4,9.78E0,0,6.112739e+02,0,offline_historical_hcc_main_vs_paper_reported
exp_004_hcc_main_historical_result_recovery,E:\HCC-main\HCC_SRC\result\mi_arac_action_prefix10_dispatch_phaseii_policy\tfes-2700000\E1\elliptic\evaluation_record.txt,mi_arac_action_prefix10_dispatch_phaseii_policy,E1,elliptic,,2700000,non_3m_fe,1.142704e+06,2.84E6,2.35E5,1,-1.697296e+06,0,offline_historical_hcc_main_vs_paper_reported
exp_004_hcc_main_historical_result_recovery,E:\HCC-main\HCC_SRC\result\mi_arac_action_prefix10_dispatch_phaseii_policy\tfes-2700000\E2\elliptic\evaluation_record.txt,mi_arac_action_prefix10_dispatch_phaseii_policy,E2,elliptic,,2700000,non_3m_fe,5.472137e+06,6.87E6,4.73E4,1,-1.397863e+06,0,offline_historical_hcc_main_vs_paper_reported
exp_004_hcc_main_historical_result_recovery,E:\HCC-main\HCC_SRC\result\mi_arac_action_prefix10_dispatch_phaseii_policy\tfes-2700000\E3\elliptic\evaluation_record.txt,mi_arac_action_prefix10_dispatch_phaseii_policy,E3,elliptic,,2700000,non_3m_fe,1.754829e+07,1.60E7,5.62E5,0,1.548293e+06,0,offline_historical_hcc_main_vs_paper_reported
exp_004_hcc_main_historical_result_recovery,E:\HCC-main\HCC_SRC\result\mi_arac_action_prefix10_dispatch_phaseii_policy\tfes-2700000\E4\elliptic\evaluation_record.txt,mi_arac_action_prefix10_dispatch_phaseii_policy,E4,elliptic,,2700000,non_3m_fe,2.634806e+07,2.26E7,3.04E5,0,3.748057e+06,0,offline_historical_hcc_main_vs_paper_reported
exp_004_hcc_main_historical_result_recovery,E:\HCC-main\HCC_SRC\result\mi_arac_action_prefix10_dispatch_phaseii_policy\tfes-2700000\E5\elliptic\evaluation_record.txt,mi_arac_action_prefix10_dispatch_phaseii_policy,E5,elliptic,,2700000,non_3m_fe,1.396273e+07,7.76E6,2.13E5,0,6.202734e+06,0,offline_historical_hcc_main_vs_paper_reported
exp_004_hcc_main_historical_result_recovery,E:\HCC-main\HCC_SRC\result\mi_arac_action_prefix10_dispatch_phaseii_policy\tfes-2700000\R1\rastrigin\evaluation_record.txt,mi_arac_action_prefix10_dispatch_phaseii_policy,R1,rastrigin,,2701000,non_3m_fe,1.444083e+05,1.74E5,8.13E3,1,-2.959167e+04,0,offline_historical_hcc_main_vs_paper_reported
exp_004_hcc_main_historical_result_recovery,E:\HCC-main\HCC_SRC\result\mi_arac_action_prefix10_dispatch_phaseii_policy\tfes-2700000\R3\rastrigin\evaluation_record.txt,mi_arac_action_prefix10_dispatch_phaseii_policy,R3,rastrigin,,2700000,non_3m_fe,7.955794e+05,5.06E5,7.26E3,0,2.895794e+05,0,offline_historical_hcc_main_vs_paper_reported
exp_004_hcc_main_historical_result_recovery,E:\HCC-main\HCC_SRC\result\mi_arac_action_prefix10_dispatch_phaseii_policy\tfes-2700000\R5\rastrigin\evaluation_record.txt,mi_arac_action_prefix10_dispatch_phaseii_policy,R5,rastrigin,,2700000,non_3m_fe,9.358130e+05,6.84E5,5.76E3,0,2.518130e+05,0,offline_historical_hcc_main_vs_paper_reported
exp_004_hcc_main_historical_result_recovery,E:\HCC-main\HCC_SRC\result\mi_arac_action_prefix10_dispatch_phaseii_policy\tfes-2700000\R6\rastrigin\evaluation_record.txt,mi_arac_action_prefix10_dispatch_phaseii_policy,R6,rastrigin,,2700000,non_3m_fe,1.300435e+06,8.15E5,2.30E4,0,4.854347e+05,0,offline_historical_hcc_main_vs_paper_reported
exp_004_hcc_main_historical_result_recovery,E:\HCC-main\HCC_SRC\result\mi_arac_action_prefix10_fallback_policy\E6\elliptic\evaluation_record.txt,mi_arac_action_prefix10_fallback_policy,E6,elliptic,,2700000,non_3m_fe,2.706738e+07,4.32E7,1.94E5,1,-1.613262e+07,0,offline_historical_hcc_main_vs_paper_reported
exp_004_hcc_main_historical_result_recovery,E:\HCC-main\HCC_SRC\result\mi_arac_action_prefix10_fallback_policy\R2\rastrigin\evaluation_record.txt,mi_arac_action_prefix10_fallback_policy,R2,rastrigin,,2701000,non_3m_fe,2.926437e+05,3.72E5,5.27E3,1,-7.935633e+04,0,offline_historical_hcc_main_vs_paper_reported
exp_004_hcc_main_historical_result_recovery,E:\HCC-main\HCC_SRC\result\mi_arac_action_prefix10_fallback_policy\S1\schwefel\evaluation_record.txt,mi_arac_action_prefix10_fallback_policy,S1,schwefel,,2700000,non_3m_fe,2.493002e+02,1.92E-3,3.82E-4,0,2.492983e+02,0,offline_historical_hcc_main_vs_paper_reported
exp_004_hcc_main_historical_result_recovery,E:\HCC-main\HCC_SRC\result\mi_arac_action_prefix10_fallback_policy\S2\schwefel\evaluation_record.txt,mi_arac_action_prefix10_fallback_policy,S2,schwefel,,2700000,non_3m_fe,2.153159e+05,5.58E3,3.21E1,0,2.097359e+05,0,offline_historical_hcc_main_vs_paper_reported
exp_004_hcc_main_historical_result_recovery,E:\HCC-main\HCC_SRC\result\mi_arac_action_prefix10_fallback_policy\tfes-2699000\R2\rastrigin\evaluation_record.txt,mi_arac_action_prefix10_fallback_policy,R2,rastrigin,,2700000,non_3m_fe,2.107311e+05,3.72E5,5.27E3,1,-1.612689e+05,0,offline_historical_hcc_main_vs_paper_reported
exp_004_hcc_main_historical_result_recovery,E:\HCC-main\HCC_SRC\result\mi_arac_action_prefix10_fallback_policy\tfes-2700000\R2\rastrigin\evaluation_record.txt,mi_arac_action_prefix10_fallback_policy,R2,rastrigin,,2701000,non_3m_fe,2.926437e+05,3.72E5,5.27E3,1,-7.935633e+04,0,offline_historical_hcc_main_vs_paper_reported
exp_004_hcc_main_historical_result_recovery,E:\HCC-main\HCC_SRC\result\mi_arac_action_prefix30_dispatch_phaseii_policy\tfes-2099000\A1\ackley\evaluation_record.txt,mi_arac_action_prefix30_dispatch_phaseii_policy,A1,ackley,,2100000,non_3m_fe,7.873498e+04,7.76E4,1.25E1,0,1.134977e+03,0,offline_historical_hcc_main_vs_paper_reported
exp_004_hcc_main_historical_result_recovery,E:\HCC-main\HCC_SRC\result\mi_arac_action_prefix30_dispatch_phaseii_policy\tfes-2099000\A2\ackley\evaluation_record.txt,mi_arac_action_prefix30_dispatch_phaseii_policy,A2,ackley,,2100000,non_3m_fe,7.884531e+04,7.81E4,9.78E0,0,7.453135e+02,0,offline_historical_hcc_main_vs_paper_reported
exp_004_hcc_main_historical_result_recovery,E:\HCC-main\HCC_SRC\result\mi_arac_action_prefix30_dispatch_phaseii_policy\tfes-2099000\R1\rastrigin\evaluation_record.txt,mi_arac_action_prefix30_dispatch_phaseii_policy,R1,rastrigin,,2100000,non_3m_fe,1.482618e+05,1.74E5,8.13E3,1,-2.573816e+04,0,offline_historical_hcc_main_vs_paper_reported
exp_004_hcc_main_historical_result_recovery,E:\HCC-main\HCC_SRC\result\mi_arac_action_prefix30_dispatch_phaseii_policy\tfes-2099000\R3\rastrigin\evaluation_record.txt,mi_arac_action_prefix30_dispatch_phaseii_policy,R3,rastrigin,,2099000,non_3m_fe,5.727214e+05,5.06E5,7.26E3,0,6.672135e+04,0,offline_historical_hcc_main_vs_paper_reported
exp_004_hcc_main_historical_result_recovery,E:\HCC-main\HCC_SRC\result\mi_arac_action_prefix30_dispatch_phaseii_policy\tfes-2100000\A1\ackley\evaluation_record.txt,mi_arac_action_prefix30_dispatch_phaseii_policy,A1,ackley,,2101000,non_3m_fe,7.873498e+04,7.76E4,1.25E1,0,1.134977e+03,0,offline_historical_hcc_main_vs_paper_reported
exp_004_hcc_main_historical_result_recovery,E:\HCC-main\HCC_SRC\result\mi_arac_action_prefix30_dispatch_phaseii_policy\tfes-2100000\A2\ackley\evaluation_record.txt,mi_arac_action_prefix30_dispatch_phaseii_policy,A2,ackley,,2101000,non_3m_fe,7.888399e+04,7.81E4,9.78E0,0,7.839886e+02,0,offline_historical_hcc_main_vs_paper_reported
exp_004_hcc_main_historical_result_recovery,E:\HCC-main\HCC_SRC\result\mi_arac_action_prefix30_dispatch_phaseii_policy\tfes-2100000\E1\elliptic\evaluation_record.txt,mi_arac_action_prefix30_dispatch_phaseii_policy,E1,elliptic,,2100000,non_3m_fe,7.455529e+06,2.84E6,2.35E5,0,4.615529e+06,0,offline_historical_hcc_main_vs_paper_reported
exp_004_hcc_main_historical_result_recovery,E:\HCC-main\HCC_SRC\result\mi_arac_action_prefix30_dispatch_phaseii_policy\tfes-2100000\E2\elliptic\evaluation_record.txt,mi_arac_action_prefix30_dispatch_phaseii_policy,E2,elliptic,,2100000,non_3m_fe,2.158199e+07,6.87E6,4.73E4,0,1.471199e+07,0,offline_historical_hcc_main_vs_paper_reported
exp_004_hcc_main_historical_result_recovery,E:\HCC-main\HCC_SRC\result\mi_arac_action_prefix30_dispatch_phaseii_policy\tfes-2100000\E3\elliptic\evaluation_record.txt,mi_arac_action_prefix30_dispatch_phaseii_policy,E3,elliptic,,2100000,non_3m_fe,5.458566e+07,1.60E7,5.62E5,0,3.858566e+07,0,offline_historical_hcc_main_vs_paper_reported
exp_004_hcc_main_historical_result_recovery,E:\HCC-main\HCC_SRC\result\mi_arac_action_prefix30_dispatch_phaseii_policy\tfes-2100000\E4\elliptic\evaluation_record.txt,mi_arac_action_prefix30_dispatch_phaseii_policy,E4,elliptic,,2100000,non_3m_fe,3.757816e+07,2.26E7,3.04E5,0,1.497816e+07,0,offline_historical_hcc_main_vs_paper_reported
exp_004_hcc_main_historical_result_recovery,E:\HCC-main\HCC_SRC\result\mi_arac_action_prefix30_dispatch_phaseii_policy\tfes-2100000\E5\elliptic\evaluation_record.txt,mi_arac_action_prefix30_dispatch_phaseii_policy,E5,elliptic,,2100000,non_3m_fe,3.143282e+07,7.76E6,2.13E5,0,2.367282e+07,0,offline_historical_hcc_main_vs_paper_reported
exp_004_hcc_main_historical_result_recovery,E:\HCC-main\HCC_SRC\result\mi_arac_action_prefix30_dispatch_phaseii_policy\tfes-2100000\R1\rastrigin\evaluation_record.txt,mi_arac_action_prefix30_dispatch_phaseii_policy,R1,rastrigin,,2101000,non_3m_fe,1.482618e+05,1.74E5,8.13E3,1,-2.573816e+04,0,offline_historical_hcc_main_vs_paper_reported
exp_004_hcc_main_historical_result_recovery,E:\HCC-main\HCC_SRC\result\mi_arac_action_prefix30_dispatch_phaseii_policy\tfes-2100000\R3\rastrigin\evaluation_record.txt,mi_arac_action_prefix30_dispatch_phaseii_policy,R3,rastrigin,,2101000,non_3m_fe,4.230764e+05,5.06E5,7.26E3,1,-8.292359e+04,0,offline_historical_hcc_main_vs_paper_reported
exp_004_hcc_main_historical_result_recovery,E:\HCC-main\HCC_SRC\result\mi_arac_action_prefix30_dispatch_phaseii_policy\tfes-2100000\S1\schwefel\evaluation_record.txt,mi_arac_action_prefix30_dispatch_phaseii_policy,S1,schwefel,,2100000,non_3m_fe,3.290773e+04,1.92E-3,3.82E-4,0,3.290773e+04,0,offline_historical_hcc_main_vs_paper_reported
exp_004_hcc_main_historical_result_recovery,E:\HCC-main\HCC_SRC\result\paper_like_seed1\A1\ackley\evaluation_record.txt,paper_like_seed1,A1,ackley,,3001000,near_paper_3m_fe,7.882253e+04,7.76E4,1.25E1,0,1.222534e+03,0,offline_historical_hcc_main_vs_paper_reported
exp_004_hcc_main_historical_result_recovery,E:\HCC-main\HCC_SRC\result\paper_like_seed1\A2\ackley\evaluation_record.txt,paper_like_seed1,A2,ackley,,3001000,near_paper_3m_fe,7.848340e+04,7.81E4,9.78E0,0,3.834020e+02,0,offline_historical_hcc_main_vs_paper_reported
exp_004_hcc_main_historical_result_recovery,E:\HCC-main\HCC_SRC\result\paper_like_seed1\A3\ackley\evaluation_record.txt,paper_like_seed1,A3,ackley,,3001000,near_paper_3m_fe,7.887538e+04,7.86E4,2.09E1,0,2.753848e+02,0,offline_historical_hcc_main_vs_paper_reported
exp_004_hcc_main_historical_result_recovery,E:\HCC-main\HCC_SRC\result\paper_like_seed1\A4\ackley\evaluation_record.txt,paper_like_seed1,A4,ackley,,3001000,near_paper_3m_fe,7.842840e+04,7.83E4,1.14E1,0,1.284011e+02,0,offline_historical_hcc_main_vs_paper_reported
exp_004_hcc_main_historical_result_recovery,E:\HCC-main\HCC_SRC\result\paper_like_seed1\A5\ackley\evaluation_record.txt,paper_like_seed1,A5,ackley,,3001000,near_paper_3m_fe,7.924535e+04,7.85E4,2.35E1,0,7.453549e+02,0,offline_historical_hcc_main_vs_paper_reported
exp_004_hcc_main_historical_result_recovery,E:\HCC-main\HCC_SRC\result\paper_like_seed1\A6\ackley\evaluation_record.txt,paper_like_seed1,A6,ackley,,3001000,near_paper_3m_fe,7.860444e+04,7.80E4,7.06E0,0,6.044365e+02,0,offline_historical_hcc_main_vs_paper_reported
exp_004_hcc_main_historical_result_recovery,E:\HCC-main\HCC_SRC\result\paper_like_seed1\E1\elliptic\evaluation_record.txt,paper_like_seed1,E1,elliptic,,3000000,near_paper_3m_fe,2.753705e+06,2.84E6,2.35E5,1,-8.629544e+04,0,offline_historical_hcc_main_vs_paper_reported
exp_004_hcc_main_historical_result_recovery,E:\HCC-main\HCC_SRC\result\paper_like_seed1\E2\elliptic\evaluation_record.txt,paper_like_seed1,E2,elliptic,,3000000,near_paper_3m_fe,1.135089e+07,6.87E6,4.73E4,0,4.480893e+06,0,offline_historical_hcc_main_vs_paper_reported
exp_004_hcc_main_historical_result_recovery,E:\HCC-main\HCC_SRC\result\paper_like_seed1\E3\elliptic\evaluation_record.txt,paper_like_seed1,E3,elliptic,,3000000,near_paper_3m_fe,8.217466e+06,1.60E7,5.62E5,1,-7.782534e+06,0,offline_historical_hcc_main_vs_paper_reported
exp_004_hcc_main_historical_result_recovery,E:\HCC-main\HCC_SRC\result\paper_like_seed1\E4\elliptic\evaluation_record.txt,paper_like_seed1,E4,elliptic,,3000000,near_paper_3m_fe,1.510332e+07,2.26E7,3.04E5,1,-7.496676e+06,0,offline_historical_hcc_main_vs_paper_reported
exp_004_hcc_main_historical_result_recovery,E:\HCC-main\HCC_SRC\result\paper_like_seed1\E5\elliptic\evaluation_record.txt,paper_like_seed1,E5,elliptic,,3000000,near_paper_3m_fe,1.955310e+07,7.76E6,2.13E5,0,1.179310e+07,0,offline_historical_hcc_main_vs_paper_reported
exp_004_hcc_main_historical_result_recovery,E:\HCC-main\HCC_SRC\result\paper_like_seed1\E6\elliptic\evaluation_record.txt,paper_like_seed1,E6,elliptic,,3000000,near_paper_3m_fe,2.644759e+07,4.32E7,1.94E5,1,-1.675241e+07,0,offline_historical_hcc_main_vs_paper_reported
exp_004_hcc_main_historical_result_recovery,E:\HCC-main\HCC_SRC\result\paper_like_seed1\R1\rastrigin\evaluation_record.txt,paper_like_seed1,R1,rastrigin,,3001000,near_paper_3m_fe,2.020464e+05,1.74E5,8.13E3,0,2.804643e+04,0,offline_historical_hcc_main_vs_paper_reported
exp_004_hcc_main_historical_result_recovery,E:\HCC-main\HCC_SRC\result\paper_like_seed1\R2\rastrigin\evaluation_record.txt,paper_like_seed1,R2,rastrigin,,3001000,near_paper_3m_fe,3.651946e+05,3.72E5,5.27E3,1,-6.805397e+03,0,offline_historical_hcc_main_vs_paper_reported
exp_004_hcc_main_historical_result_recovery,E:\HCC-main\HCC_SRC\result\paper_like_seed1\R3\rastrigin\evaluation_record.txt,paper_like_seed1,R3,rastrigin,,3000000,near_paper_3m_fe,4.488876e+05,5.06E5,7.26E3,1,-5.711239e+04,0,offline_historical_hcc_main_vs_paper_reported
exp_004_hcc_main_historical_result_recovery,E:\HCC-main\HCC_SRC\result\paper_like_seed1\R4\rastrigin\evaluation_record.txt,paper_like_seed1,R4,rastrigin,,3000000,near_paper_3m_fe,1.088802e+06,5.59E5,6.77E3,0,5.298022e+05,0,offline_historical_hcc_main_vs_paper_reported
exp_004_hcc_main_historical_result_recovery,E:\HCC-main\HCC_SRC\result\paper_like_seed1\R5\rastrigin\evaluation_record.txt,paper_like_seed1,R5,rastrigin,,3000000,near_paper_3m_fe,1.144748e+06,6.84E5,5.76E3,0,4.607484e+05,0,offline_historical_hcc_main_vs_paper_reported
exp_004_hcc_main_historical_result_recovery,E:\HCC-main\HCC_SRC\result\paper_like_seed1\R6\rastrigin\evaluation_record.txt,paper_like_seed1,R6,rastrigin,,3000000,near_paper_3m_fe,1.064716e+06,8.15E5,2.30E4,0,2.497156e+05,0,offline_historical_hcc_main_vs_paper_reported
exp_004_hcc_main_historical_result_recovery,E:\HCC-main\HCC_SRC\result\paper_like_seed1\S1\schwefel\evaluation_record.txt,paper_like_seed1,S1,schwefel,,3000000,near_paper_3m_fe,9.562706e+01,1.92E-3,3.82E-4,0,9.562514e+01,0,offline_historical_hcc_main_vs_paper_reported
exp_004_hcc_main_historical_result_recovery,E:\HCC-main\HCC_SRC\result\paper_like_seed1\S2\schwefel\evaluation_record.txt,paper_like_seed1,S2,schwefel,,3000000,near_paper_3m_fe,5.847504e+04,5.58E3,3.21E1,0,5.289504e+04,0,offline_historical_hcc_main_vs_paper_reported
exp_004_hcc_main_historical_result_recovery,E:\HCC-main\HCC_SRC\result\paper_like_seed1\S3\schwefel\evaluation_record.txt,paper_like_seed1,S3,schwefel,,3000000,near_paper_3m_fe,3.792421e+04,9.72E3,4.75E1,0,2.820421e+04,0,offline_historical_hcc_main_vs_paper_reported
exp_004_hcc_main_historical_result_recovery,E:\HCC-main\HCC_SRC\result\paper_like_seed1\S4\schwefel\evaluation_record.txt,paper_like_seed1,S4,schwefel,,3000000,near_paper_3m_fe,8.918833e+04,1.24E3,5.31E1,0,8.794833e+04,0,offline_historical_hcc_main_vs_paper_reported
exp_004_hcc_main_historical_result_recovery,E:\HCC-main\HCC_SRC\result\paper_like_seed1\S5\schwefel\evaluation_record.txt,paper_like_seed1,S5,schwefel,,3000000,near_paper_3m_fe,1.871241e+05,9.23E3,3.95E2,0,1.778941e+05,0,offline_historical_hcc_main_vs_paper_reported
exp_004_hcc_main_historical_result_recovery,E:\HCC-main\HCC_SRC\result\paper_like_seed1\S6\schwefel\evaluation_record.txt,paper_like_seed1,S6,schwefel,,3000000,near_paper_3m_fe,4.091427e+04,6.65E4,7.36E2,1,-2.558573e+04,0,offline_historical_hcc_main_vs_paper_reported
exp_004_hcc_main_historical_result_recovery,E:\HCC-main\HCC_SRC\result\paper_like_seed1_current_fix_24case\S2\schwefel\evaluation_record.txt,paper_like_seed1_current_fix_24case,S2,schwefel,,3000000,near_paper_3m_fe,3.390253e+03,5.58E3,3.21E1,1,-2.189747e+03,0,offline_historical_hcc_main_vs_paper_reported
exp_004_hcc_main_historical_result_recovery,E:\HCC-main\HCC_SRC\result\paper_like_seed1_dryrun\E1\elliptic\evaluation_record.txt,paper_like_seed1_dryrun,E1,elliptic,,2095,non_3m_fe,4.679486e+13,2.84E6,2.35E5,0,4.679486e+13,0,offline_historical_hcc_main_vs_paper_reported
exp_004_hcc_main_historical_result_recovery,E:\HCC-main\HCC_SRC\result\paper_like_seed1_function_pipeline_fix\A1\ackley\evaluation_record.txt,paper_like_seed1_function_pipeline_fix,A1,ackley,,3001000,near_paper_3m_fe,7.836371e+04,7.76E4,1.25E1,0,7.637083e+02,0,offline_historical_hcc_main_vs_paper_reported
exp_004_hcc_main_historical_result_recovery,E:\HCC-main\HCC_SRC\result\paper_like_seed1_function_pipeline_fix\A2\ackley\evaluation_record.txt,paper_like_seed1_function_pipeline_fix,A2,ackley,,3001000,near_paper_3m_fe,7.878680e+04,7.81E4,9.78E0,0,6.867978e+02,0,offline_historical_hcc_main_vs_paper_reported
exp_004_hcc_main_historical_result_recovery,E:\HCC-main\HCC_SRC\result\paper_like_seed1_function_pipeline_fix\A3\ackley\evaluation_record.txt,paper_like_seed1_function_pipeline_fix,A3,ackley,,3001000,near_paper_3m_fe,7.873841e+04,7.86E4,2.09E1,0,1.384150e+02,0,offline_historical_hcc_main_vs_paper_reported
exp_004_hcc_main_historical_result_recovery,E:\HCC-main\HCC_SRC\result\paper_like_seed1_function_pipeline_fix\A4\ackley\evaluation_record.txt,paper_like_seed1_function_pipeline_fix,A4,ackley,,3001000,near_paper_3m_fe,7.902806e+04,7.83E4,1.14E1,0,7.280562e+02,0,offline_historical_hcc_main_vs_paper_reported
exp_004_hcc_main_historical_result_recovery,E:\HCC-main\HCC_SRC\result\paper_like_seed1_function_pipeline_fix\A5\ackley\evaluation_record.txt,paper_like_seed1_function_pipeline_fix,A5,ackley,,3001000,near_paper_3m_fe,7.860706e+04,7.85E4,2.35E1,0,1.070572e+02,0,offline_historical_hcc_main_vs_paper_reported
exp_004_hcc_main_historical_result_recovery,E:\HCC-main\HCC_SRC\result\paper_like_seed1_function_pipeline_fix\A6\ackley\evaluation_record.txt,paper_like_seed1_function_pipeline_fix,A6,ackley,,3001000,near_paper_3m_fe,7.963746e+04,7.80E4,7.06E0,0,1.637456e+03,0,offline_historical_hcc_main_vs_paper_reported
exp_004_hcc_main_historical_result_recovery,E:\HCC-main\HCC_SRC\result\paper_like_seed1_function_pipeline_fix\E1\elliptic\evaluation_record.txt,paper_like_seed1_function_pipeline_fix,E1,elliptic,,3000000,near_paper_3m_fe,3.526407e+05,2.84E6,2.35E5,1,-2.487359e+06,0,offline_historical_hcc_main_vs_paper_reported
exp_004_hcc_main_historical_result_recovery,E:\HCC-main\HCC_SRC\result\paper_like_seed1_function_pipeline_fix\E2\elliptic\evaluation_record.txt,paper_like_seed1_function_pipeline_fix,E2,elliptic,,3000000,near_paper_3m_fe,4.195207e+06,6.87E6,4.73E4,1,-2.674793e+06,0,offline_historical_hcc_main_vs_paper_reported
exp_004_hcc_main_historical_result_recovery,E:\HCC-main\HCC_SRC\result\paper_like_seed1_function_pipeline_fix\E3\elliptic\evaluation_record.txt,paper_like_seed1_function_pipeline_fix,E3,elliptic,,3000000,near_paper_3m_fe,1.420232e+07,1.60E7,5.62E5,1,-1.797675e+06,0,offline_historical_hcc_main_vs_paper_reported
exp_004_hcc_main_historical_result_recovery,E:\HCC-main\HCC_SRC\result\paper_like_seed1_function_pipeline_fix\E4\elliptic\evaluation_record.txt,paper_like_seed1_function_pipeline_fix,E4,elliptic,,3000000,near_paper_3m_fe,2.487700e+07,2.26E7,3.04E5,0,2.277002e+06,0,offline_historical_hcc_main_vs_paper_reported
exp_004_hcc_main_historical_result_recovery,E:\HCC-main\HCC_SRC\result\paper_like_seed1_function_pipeline_fix\E5\elliptic\evaluation_record.txt,paper_like_seed1_function_pipeline_fix,E5,elliptic,,3000000,near_paper_3m_fe,1.791245e+07,7.76E6,2.13E5,0,1.015245e+07,0,offline_historical_hcc_main_vs_paper_reported
exp_004_hcc_main_historical_result_recovery,E:\HCC-main\HCC_SRC\result\paper_like_seed1_function_pipeline_fix\E6\elliptic\evaluation_record.txt,paper_like_seed1_function_pipeline_fix,E6,elliptic,,3000000,near_paper_3m_fe,2.773810e+07,4.32E7,1.94E5,1,-1.546190e+07,0,offline_historical_hcc_main_vs_paper_reported
exp_004_hcc_main_historical_result_recovery,E:\HCC-main\HCC_SRC\result\paper_like_seed1_function_pipeline_fix\R1\rastrigin\evaluation_record.txt,paper_like_seed1_function_pipeline_fix,R1,rastrigin,,3000000,near_paper_3m_fe,2.038641e+05,1.74E5,8.13E3,0,2.986411e+04,0,offline_historical_hcc_main_vs_paper_reported
exp_004_hcc_main_historical_result_recovery,E:\HCC-main\HCC_SRC\result\paper_like_seed1_function_pipeline_fix\R2\rastrigin\evaluation_record.txt,paper_like_seed1_function_pipeline_fix,R2,rastrigin,,3001000,near_paper_3m_fe,2.511374e+05,3.72E5,5.27E3,1,-1.208626e+05,0,offline_historical_hcc_main_vs_paper_reported
exp_004_hcc_main_historical_result_recovery,E:\HCC-main\HCC_SRC\result\paper_like_seed1_function_pipeline_fix\R3\rastrigin\evaluation_record.txt,paper_like_seed1_function_pipeline_fix,R3,rastrigin,,3000000,near_paper_3m_fe,4.076996e+05,5.06E5,7.26E3,1,-9.830038e+04,0,offline_historical_hcc_main_vs_paper_reported
exp_004_hcc_main_historical_result_recovery,E:\HCC-main\HCC_SRC\result\paper_like_seed1_function_pipeline_fix\R4\rastrigin\evaluation_record.txt,paper_like_seed1_function_pipeline_fix,R4,rastrigin,,3000000,near_paper_3m_fe,6.813109e+05,5.59E5,6.77E3,0,1.223109e+05,0,offline_historical_hcc_main_vs_paper_reported
exp_004_hcc_main_historical_result_recovery,E:\HCC-main\HCC_SRC\result\paper_like_seed1_function_pipeline_fix\R5\rastrigin\evaluation_record.txt,paper_like_seed1_function_pipeline_fix,R5,rastrigin,,3000000,near_paper_3m_fe,9.523927e+05,6.84E5,5.76E3,0,2.683927e+05,0,offline_historical_hcc_main_vs_paper_reported
exp_004_hcc_main_historical_result_recovery,E:\HCC-main\HCC_SRC\result\paper_like_seed1_function_pipeline_fix\R6\rastrigin\evaluation_record.txt,paper_like_seed1_function_pipeline_fix,R6,rastrigin,,3000000,near_paper_3m_fe,1.118573e+06,8.15E5,2.30E4,0,3.035731e+05,0,offline_historical_hcc_main_vs_paper_reported
exp_004_hcc_main_historical_result_recovery,E:\HCC-main\HCC_SRC\result\paper_like_seed1_function_pipeline_fix\S1\schwefel\evaluation_record.txt,paper_like_seed1_function_pipeline_fix,S1,schwefel,,3000000,near_paper_3m_fe,2.389337e+03,1.92E-3,3.82E-4,0,2.389335e+03,0,offline_historical_hcc_main_vs_paper_reported
exp_004_hcc_main_historical_result_recovery,E:\HCC-main\HCC_SRC\result\paper_like_seed1_function_pipeline_fix\S2\schwefel\evaluation_record.txt,paper_like_seed1_function_pipeline_fix,S2,schwefel,,3000000,near_paper_3m_fe,1.243568e+05,5.58E3,3.21E1,0,1.187768e+05,0,offline_historical_hcc_main_vs_paper_reported
exp_004_hcc_main_historical_result_recovery,E:\HCC-main\HCC_SRC\result\paper_like_seed1_function_pipeline_fix\S3\schwefel\evaluation_record.txt,paper_like_seed1_function_pipeline_fix,S3,schwefel,,3000000,near_paper_3m_fe,5.042052e+04,9.72E3,4.75E1,0,4.070052e+04,0,offline_historical_hcc_main_vs_paper_reported
exp_004_hcc_main_historical_result_recovery,E:\HCC-main\HCC_SRC\result\paper_like_seed1_function_pipeline_fix\S4\schwefel\evaluation_record.txt,paper_like_seed1_function_pipeline_fix,S4,schwefel,,3000000,near_paper_3m_fe,1.158343e+05,1.24E3,5.31E1,0,1.145943e+05,0,offline_historical_hcc_main_vs_paper_reported
exp_004_hcc_main_historical_result_recovery,E:\HCC-main\HCC_SRC\result\paper_like_seed1_function_pipeline_fix\S5\schwefel\evaluation_record.txt,paper_like_seed1_function_pipeline_fix,S5,schwefel,,3000000,near_paper_3m_fe,1.619227e+05,9.23E3,3.95E2,0,1.526927e+05,0,offline_historical_hcc_main_vs_paper_reported
exp_004_hcc_main_historical_result_recovery,E:\HCC-main\HCC_SRC\result\paper_like_seed1_function_pipeline_fix\S6\schwefel\evaluation_record.txt,paper_like_seed1_function_pipeline_fix,S6,schwefel,,3000000,near_paper_3m_fe,1.033465e+05,6.65E4,7.36E2,0,3.684646e+04,0,offline_historical_hcc_main_vs_paper_reported
exp_004_hcc_main_historical_result_recovery,E:\HCC-main\HCC_SRC\result\paper_like_seed1_topology_fix_schwefel\S1\schwefel\evaluation_record.txt,paper_like_seed1_topology_fix_schwefel,S1,schwefel,,3000000,near_paper_3m_fe,2.837938e+03,1.92E-3,3.82E-4,0,2.837936e+03,0,offline_historical_hcc_main_vs_paper_reported
exp_004_hcc_main_historical_result_recovery,E:\HCC-main\HCC_SRC\result\paper_like_seed1_topology_fix_schwefel\S2\schwefel\evaluation_record.txt,paper_like_seed1_topology_fix_schwefel,S2,schwefel,,3000000,near_paper_3m_fe,8.274475e+03,5.58E3,3.21E1,0,2.694475e+03,0,offline_historical_hcc_main_vs_paper_reported
exp_004_hcc_main_historical_result_recovery,E:\HCC-main\HCC_SRC\result\paper_like_seed1_topology_fix_schwefel\S3\schwefel\evaluation_record.txt,paper_like_seed1_topology_fix_schwefel,S3,schwefel,,3000000,near_paper_3m_fe,2.235006e+05,9.72E3,4.75E1,0,2.137806e+05,0,offline_historical_hcc_main_vs_paper_reported
exp_004_hcc_main_historical_result_recovery,E:\HCC-main\HCC_SRC\result\paper_like_seed1_topology_fix_schwefel\S4\schwefel\evaluation_record.txt,paper_like_seed1_topology_fix_schwefel,S4,schwefel,,3000000,near_paper_3m_fe,1.587667e+04,1.24E3,5.31E1,0,1.463667e+04,0,offline_historical_hcc_main_vs_paper_reported
exp_004_hcc_main_historical_result_recovery,E:\HCC-main\HCC_SRC\result\paper_like_seed1_topology_fix_schwefel\S5\schwefel\evaluation_record.txt,paper_like_seed1_topology_fix_schwefel,S5,schwefel,,3000000,near_paper_3m_fe,1.316993e+05,9.23E3,3.95E2,0,1.224693e+05,0,offline_historical_hcc_main_vs_paper_reported
exp_004_hcc_main_historical_result_recovery,E:\HCC-main\HCC_SRC\result\paper_like_seed1_topology_fix_schwefel\S6\schwefel\evaluation_record.txt,paper_like_seed1_topology_fix_schwefel,S6,schwefel,,3000000,near_paper_3m_fe,1.128455e+05,6.65E4,7.36E2,0,4.634552e+04,0,offline_historical_hcc_main_vs_paper_reported
